Startup,Industry,SubVertical,City,Investors,InvestmentType,amount(cr.),Date
Housejoy,EdTech,K12,Mumbai,Lightspeed India,Seed,1.791,2023-04-19
Groww,Media,Streaming,Bengaluru,IFC,Seed,15.012,2025-01-28
Groww,Mobility,Ride Sharing,Hyderabad,"Nexus Venture Partners, Peak XV",Series B,342.468,2021-03-14
FarmBox,Consumer Electronics,Wearables,Gurugram,"Kalaari Capital, Y Combinator",Seed,4.095,2023-09-11
Udaan,RealEstate,Rental Tech,Mumbai,Bessemer Venture Partners,Seed,0.801,2024-01-31
AeroStack,EdTech,Coding Bootcamp,Delhi,"Matrix Partners India, Peak XV",Pre-Series A,1.287,2021-07-24
Ola,Retail,Fashion,Mumbai,Tiger Global Management,Seed,0.558,2023-01-12
FinSpace,Consumer Electronics,Wearables,Gurugram,Blume Ventures,Growth,4425.489,2025-01-22
Rapido,FoodTech,Food Delivery,Kolkata,"A91 Partners, Kedaara Capital, Tiger Global Management",Seed,4.131,2023-11-27
HyperLoop,EdTech,Test Prep,Ahmedabad,"Mirae Asset, SoftBank Vision Fund, Tiger Global",Series B,320.49,2020-05-04
NextSense_10,Mobility,Ride Sharing,Delhi,"IFC, Kalaari Capital, Peak XV",Seed,0.486,2020-05-19
LogiMart,FinTech,NeoBank,Mumbai,"Falcon Edge, Peak XV",Pre-Series A,8.397,2023-04-10
CoreFlow,SaaS,DevTools,Hyderabad,"Elevation Capital, SoftBank Vision Fund, Ventures India",Pre-Series A,6.12,2023-10-07
Groww,FinTech,InsurTech,Ahmedabad,Falcon Edge,Debt,3.366,2020-07-23
ClearDekho,Logistics,Last Mile,Pune,Y Combinator,Private Equity,1367.937,2024-12-05
NextSense,Mobility,Micro Mobility,Hyderabad,"A91 Partners, Falcon Edge, Prosus Ventures",Series A,14.787,2024-07-10
Zomato,HealthTech,Pharmacy,Mumbai,"Blume Ventures, Elevation Capital",Private Equity,1813.365,2024-02-29
FarmTech,EdTech,UpSkilling,Noida,Accel,Series A,37.278,2025-01-28
Innovaccer,Enterprise,Security,Bengaluru,Ribbit Capital,Pre-Seed,0.486,2024-04-28
CureFit,HealthTech,Health Analytics,Noida,Accel,Series B,100.899,2023-02-22
WorkPay,Enterprise,Security,Ahmedabad,Tiger Global,Series A,47.187,2022-05-30
Mobikwik,Retail,E-Retail,Pune,"Accel, Bessemer Venture Partners, IFC",Seed,0.756,2021-05-26
Freshworks,AgriTech,Marketplace,Delhi,Tiger Global Management,Angel,0.108,2021-04-29
EduTech,FinTech,Lending,Pune,"IFC, Matrix Partners India, Zodius Capital",Series C,485.451,2022-04-23
AeroStack,FinTech,InsurTech,Gurugram,"Y Combinator, Zodius Capital",Seed,2.421,2025-02-23
HomeFoods,RealEstate,PropTech,Chennai,Tiger Global Management,Seed,8.145,2024-11-05
QuantumSolutions,Mobility,EV,Noida,IFC,Seed,0.936,2020-02-26
Swiggy,HealthTech,Pharmacy,Bengaluru,Kedaara Capital,Seed,2.997,2022-06-08
HyperLabs,Mobility,Ride Sharing,Chennai,Tiger Global,Angel,0.261,2021-01-24
DriveEdge_29,Retail,Fashion,Gurugram,"LCatterton, Prosus Ventures, Ribbit Capital",Pre-Series A,0.999,2020-05-23
NeoTech,Logistics,Fleet Management,Hyderabad,"A91 Partners, Kedaara Capital",Series B,242.532,2021-10-30
CloudLabs,FoodTech,Grocery,Delhi,"A91 Partners, Sequoia Capital India",Series A,14.283,2021-09-08
SmartTech,Retail,Fashion,Ahmedabad,"Info Edge, Lightspeed India",Series B,53.892,2022-08-10
FarmBox,Retail,Fashion,Delhi,"Prosus Ventures, Ribbit Capital",Series B,624.861,2021-08-04
Bounce,Enterprise,Analytics,Hyderabad,Sequoia Capital India,Seed,15.858,2021-02-11
HomeMart,AgriTech,Supply Chain,Kolkata,"Kedaara Capital, Lightspeed India",Pre-Series A,5.787,2023-07-13
NimbusLabs,HealthTech,Telemedicine,Mumbai,Bessemer Venture Partners,Series C,410.697,2021-03-24
SmartMart_37,EdTech,Test Prep,Kolkata,"A91 Partners, Falcon Edge, SoftBank Vision Fund",Seed,0.648,2022-08-09
Ola,AgriTech,Marketplace,Noida,"Blume Ventures, Info Edge",Pre-Series A,4.347,2025-01-31
FarmBox,Retail,E-Retail,Hyderabad,"Elevation Capital, Ribbit Capital",Series C,592.83,2022-12-03
Dunzo,Media,Content,Gurugram,"Accel, Nexus Venture Partners",Seed,0.702,2021-10-16
AeroHub,Media,Social,Mumbai,"Mirae Asset, Tiger Global",Pre-Series A,2.817,2021-11-08
QuantumDrive,Retail,Fashion,Bengaluru,"Sequoia Capital India, Y Combinator",Series D,487.08,2024-04-16
AgriFit,FoodTech,Food Delivery,Noida,"LCatterton, Mirae Asset",Series B,559.944,2023-01-23
SkillFlow,FinTech,InsurTech,Pune,"Kedaara Capital, Zodius Capital",Series B,92.214,2024-06-22
FreshSolutions,Mobility,Ride Sharing,Chennai,Accel,Series A,54.126,2023-09-19
DriveLoop,Consumer Electronics,Audio,Bengaluru,Info Edge,Seed,1.422,2021-11-01
BlueSpace,FoodTech,Food Delivery,Chennai,"A91 Partners, Sequoia Capital India",Seed,3.069,2020-06-16
NextFlow,E-commerce,Quick Commerce,Bengaluru,Ribbit Capital,Bridge,3.384,2021-02-12
MediWorks,RealEstate,PropTech,Ahmedabad,"Matrix Partners India, Omidyar Network, Y Combinator",Bridge,0.891,2022-08-10
Porter,Retail,E-Retail,Hyderabad,A91 Partners,Seed,16.092,2020-02-22
UrbanSolutions,Media,Social,Mumbai,"Elevation Capital, Kedaara Capital, Matrix Partners India",Series A,73.431,2024-08-28
Housejoy,Retail,Fashion,Bengaluru,"Falcon Edge, SoftBank Vision Fund, Y Combinator",Seed,14.4,2022-05-27
QuantumDrive,E-commerce,Fashion,Pune,"Info Edge, Kedaara Capital",Series B,537.885,2024-08-24
SkillFlow,Mobility,EV,Kolkata,"IFC, Matrix Partners India",Series A,45.441,2024-02-06
Unacademy,Logistics,Supply Chain,Gurugram,"Prosus Ventures, SoftBank Vision Fund",Series C,2185.146,2023-03-13
NimbusLabs,HealthTech,Health Analytics,Gurugram,Elevation Capital,Pre-Series A,1.107,2021-06-13
SkillSolutions,Mobility,Ride Sharing,Mumbai,"A91 Partners, Matrix Partners India",Seed,0.927,2022-04-12
FarmBox,Consumer Electronics,Wearables,Bengaluru,"Elevation Capital, Prosus Ventures",Seed,0.531,2021-03-29
Nykaa,Consumer Electronics,Smart Home,Noida,"Kedaara Capital, SoftBank Vision Fund",Seed,1.494,2024-03-07
SkillFlow,EdTech,Test Prep,Gurugram,"Peak XV, Prosus Ventures",Seed,1.89,2024-03-01
CloudLabs,Consumer Electronics,Wearables,Ahmedabad,"Accel, Elevation Capital",Bridge,1.224,2022-12-10
CloudLabs,SaaS,DevTools,Hyderabad,Elevation Capital,Pre-Seed,1.215,2022-12-29
Udaan,Mobility,EV,Delhi,"Accel, Sequoia Capital India",Series B,120.996,2024-03-21
HealthAnalytics,Consumer Electronics,Wearables,Delhi,"Accel, Tiger Global",Bridge,1.269,2021-06-01
NeoLabs_65,RealEstate,Rental Tech,Bengaluru,"Accel, Peak XV",Seed,3.33,2024-07-19
LogiMart,Retail,Grocery,Ahmedabad,Bessemer Venture Partners,Series A,13.185,2023-06-20
QuantumAnalytics,Consumer Electronics,Wearables,Ahmedabad,"Omidyar Network, Ribbit Capital",Debt,131.625,2021-09-17
Practo,Retail,E-Retail,Gurugram,Matrix Partners India,Seed,0.594,2020-06-15
Dunzo,HealthTech,Telemedicine,Chennai,"Elevation Capital, Matrix Partners India",Series A,130.293,2023-05-01
HealthAnalytics,Consumer Electronics,Audio,Gurugram,"Bessemer Venture Partners, Lightspeed India, Omidyar Network",Angel,0.459,2024-06-01
Porter,Mobility,Ride Sharing,Delhi,Tiger Global,Angel,0.081,2024-08-19
Dream11,Retail,Grocery,Ahmedabad,Info Edge,Series B,45.693,2023-03-11
InMobi,Media,Content,Chennai,"Accel, Mirae Asset",Bridge,9.108,2022-10-21
Razorpay,FoodTech,Grocery,Pune,Lightspeed India,Series A,61.038,2020-02-22
DataAnalytics,RealEstate,Home Services,Ahmedabad,Mirae Asset,Pre-Seed,0.963,2024-03-28
Ola,Logistics,Last Mile,Ahmedabad,"Mirae Asset, Tiger Global Management",Series A,72.666,2024-07-25
Freshworks,SaaS,HRTech,Mumbai,"Elevation Capital, Kedaara Capital",Series D,533.655,2021-11-06
FoodFit,Mobility,Ride Sharing,Kolkata,Nexus Venture Partners,Seed,1.692,2021-05-31
CoreConnect,Enterprise,Analytics,Noida,Falcon Edge,Series A,12.321,2020-04-21
Chargebee,RealEstate,Home Services,Bengaluru,Peak XV,Seed,10.863,2023-01-29
Dailyhunt,Media,Content,Mumbai,"Bessemer Venture Partners, Kedaara Capital",Pre-Seed,0.756,2023-07-14
FreshTech,Mobility,EV,Mumbai,Info Edge,Seed,1.521,2024-09-19
Housejoy,RealEstate,PropTech,Kolkata,"Kalaari Capital, Kedaara Capital",Angel,0.054,2021-08-20
AgriHive,EdTech,Coding Bootcamp,Noida,"Falcon Edge, IFC",Seed,1.413,2021-01-25
CRED,Logistics,Supply Chain,Pune,Zodius Capital,Angel,0.117,2022-11-05
HealthAnalytics,Enterprise,Automation,Ahmedabad,Info Edge,Debt,83.835,2022-09-29
AgriHive,Mobility,Micro Mobility,Chennai,Tiger Global Management,Series A,50.589,2021-10-21
MediWorks,EdTech,Coding Bootcamp,Bengaluru,"LCatterton, Tiger Global Management, Y Combinator",Seed,11.871,2022-08-26
WorkPay,FinTech,Lending,Noida,IFC,Bridge,2.565,2021-11-10
Dailyhunt,E-commerce,Grocery,Kolkata,"IFC, Tiger Global Management",Pre-Seed,0.234,2020-10-22
Dunzo,Consumer Electronics,Wearables,Pune,"Accel, Prosus Ventures, SoftBank Vision Fund",Series A,62.1,2022-03-25
QuantumAnalytics,RealEstate,Rental Tech,Kolkata,"Ribbit Capital, Tiger Global",Growth,3350.961,2020-03-14
SmartTech,Media,Social,Chennai,"Accel, Blume Ventures, Kedaara Capital",Bridge,3.564,2024-04-06
Delhivery,FinTech,Payments,Pune,Y Combinator,Series C,1452.114,2021-08-23
GreenConnect,FoodTech,Grocery,Delhi,"IFC, Ribbit Capital",Seed,2.781,2020-06-10
MediWorks,AgriTech,Supply Chain,Gurugram,"Matrix Partners India, Sequoia Capital India",Series A,37.071,2021-06-04
InMobi,Logistics,Fleet Management,Noida,Tiger Global Management,Seed,2.178,2022-06-23
Delhivery,RealEstate,Home Services,Hyderabad,Tiger Global Management,Series A,9.639,2021-09-10
AgriHive,FoodTech,Grocery,Pune,Sequoia Capital India,Series A,12.051,2023-12-03
AutoMart,AgriTech,Marketplace,Bengaluru,"LCatterton, Zodius Capital",Angel,0.045,2024-03-06
HomeFoods,SaaS,DevTools,Gurugram,"Nexus Venture Partners, Prosus Ventures, Ventures India",Series A,50.436,2023-10-20
Wakefit,RealEstate,Rental Tech,Bengaluru,Omidyar Network,Seed,1.431,2022-06-21
LogiSense,Logistics,Supply Chain,Chennai,"IFC, Y Combinator",Seed,2.934,2020-09-27
AeroAnalytics,Enterprise,Analytics,Hyderabad,"Elevation Capital, Tiger Global Management",Angel,0.684,2025-04-17
BlueSpace,Consumer Electronics,Audio,Delhi,"Kedaara Capital, Tiger Global Management",Series C,353.556,2021-04-07
Mobikwik,E-commerce,Fashion,Bengaluru,"Ventures India, Y Combinator",Seed,2.043,2020-09-10
CureFit,AgriTech,Smart Farming,Pune,"IFC, Sequoia Capital India",Seed,7.308,2021-04-23
NeoSense,EdTech,Test Prep,Kolkata,"Kalaari Capital, Nexus Venture Partners, Peak XV",Angel,0.09,2021-09-10
Oyo,Consumer Electronics,Audio,Mumbai,Kalaari Capital,Seed,0.594,2023-01-05
Nykaa,RealEstate,Rental Tech,Noida,"Accel, Blume Ventures, Kalaari Capital",Pre-Series A,1.755,2024-02-29
NeoLabs,Logistics,Last Mile,Pune,IFC,Seed,0.819,2022-06-29
Practo,RealEstate,Home Services,Noida,Tiger Global,Angel,0.729,2023-08-13
SkillSolutions,E-commerce,Fashion,Mumbai,"Bessemer Venture Partners, Omidyar Network, Sequoia Capital India",Series B,422.946,2023-08-07
HomeMart,Retail,Fashion,Gurugram,Lightspeed India,Seed,4.653,2024-04-16
PharmEasy,SaaS,DevTools,Ahmedabad,Tiger Global Management,Pre-Seed,1.341,2024-10-24
AutoStack,E-commerce,Quick Commerce,Delhi,Omidyar Network,Pre-Seed,1.143,2024-06-05
PhonePe,HealthTech,Pharmacy,Bengaluru,"Accel, Tiger Global",Seed,0.9,2022-05-12
EduMart,Mobility,Micro Mobility,Mumbai,"Bessemer Venture Partners, Tiger Global",Series A,100.917,2021-03-29
Oyo,Consumer Electronics,Smart Home,Bengaluru,"Accel, Info Edge",Seed,3.294,2022-09-07
Ola,E-commerce,Quick Commerce,Pune,Elevation Capital,Series A,80.145,2020-05-14
NeoSense,AgriTech,Marketplace,Hyderabad,"Accel, Kedaara Capital",Series A,101.889,2023-05-24
GreenEdge,EdTech,Coding Bootcamp,Pune,"Kedaara Capital, SoftBank Vision Fund",Series C,425.871,2022-03-27
HyperLabs,SaaS,DevTools,Kolkata,Accel,Seed,0.675,2024-08-30
Wakefit,Media,Streaming,Pune,Omidyar Network,Series C,333.693,2023-02-13
FreshBox,FoodTech,Food Delivery,Chennai,Tiger Global Management,Growth,1389.096,2024-01-16
FreshTech,AgriTech,Marketplace,Gurugram,IFC,Seed,9.198,2022-09-14
NextFlow,SaaS,B2B SaaS,Hyderabad,"Tiger Global Management, Zodius Capital",Series A,92.583,2024-07-11
GrowthFlow,RealEstate,Rental Tech,Hyderabad,"LCatterton, Ventures India, Y Combinator",Pre-Seed,0.18,2021-07-13
BlueTech,AgriTech,Marketplace,Chennai,"Accel, Falcon Edge, Tiger Global Management",Seed,2.961,2024-02-26
UrbanSolutions,SaaS,DevTools,Pune,"IFC, Omidyar Network",Seed,2.097,2021-10-26
HyperLoop,AgriTech,Supply Chain,Mumbai,"Info Edge, Mirae Asset",Seed,1.017,2023-09-17
SkillFlow,Mobility,Ride Sharing,Pune,"Mirae Asset, Prosus Ventures",Pre-Series A,1.188,2021-08-03
FarmFit,AgriTech,Supply Chain,Bengaluru,Ventures India,Seed,1.566,2025-04-20
CloudSolutions,E-commerce,Quick Commerce,Kolkata,Y Combinator,Series B,614.592,2020-12-25
HomeFoods,Enterprise,Automation,Pune,"LCatterton, Sequoia Capital India, Tiger Global",Seed,1.485,2024-10-30
HyperLabs,AgriTech,Smart Farming,Chennai,Tiger Global Management,Seed,3.051,2022-04-09
Lenskart,Retail,Fashion,Kolkata,Accel,Series D,2271.078,2025-02-26
AeroStack,AgriTech,Smart Farming,Noida,Ventures India,Seed,1.719,2024-11-17
HomeAnalytics,HealthTech,Telemedicine,Noida,"Bessemer Venture Partners, Lightspeed India",Series B,665.82,2022-12-22
NextFlow,Enterprise,Automation,Delhi,Lightspeed India,Seed,15.669,2020-10-26
HyperLoop,RealEstate,PropTech,Delhi,"A91 Partners, Mirae Asset",Bridge,1.143,2023-07-10
EduMart,AgriTech,Marketplace,Ahmedabad,"Info Edge, Mirae Asset, SoftBank Vision Fund",Seed,2.817,2025-06-11
Oyo,Retail,Grocery,Ahmedabad,SoftBank Vision Fund,Seed,1.368,2022-11-05
EduBox_144,SaaS,HRTech,Mumbai,Omidyar Network,Series B,99.126,2025-06-24
ClearDekho,FoodTech,Food Delivery,Ahmedabad,"Info Edge, LCatterton, Zodius Capital",Series A,9.945,2024-06-09
FinFoods,Consumer Electronics,Smart Home,Delhi,Zodius Capital,Bridge,4.266,2022-07-11
DataHive,E-commerce,Grocery,Delhi,"Falcon Edge, Tiger Global Management",Pre-Seed,0.576,2023-12-20
NextSense,Logistics,Supply Chain,Chennai,"Ribbit Capital, Tiger Global",Series C,206.928,2023-10-22
WorkStack_149,E-commerce,Grocery,Chennai,"Nexus Venture Partners, Omidyar Network, Tiger Global Management",Seed,1.26,2024-01-22
HealthRise,HealthTech,Pharmacy,Hyderabad,"Kalaari Capital, Omidyar Network, Peak XV",Bridge,12.834,2023-12-01
FreshTech,RealEstate,Home Services,Delhi,"Accel, LCatterton, Tiger Global Management",Series B,87.435,2024-08-24
Innovaccer,Mobility,EV,Bengaluru,SoftBank Vision Fund,Pre-Series A,1.26,2021-01-04
Myntra,EdTech,K12,Delhi,Falcon Edge,Seed,2.736,2021-08-28
GrowthConnect,Retail,Fashion,Delhi,Blume Ventures,Series A,129.852,2020-11-11
Dream11,Media,Content,Bengaluru,"Elevation Capital, Info Edge, Matrix Partners India",Pre-Series A,1.575,2023-10-17
EduMart,EdTech,UpSkilling,Kolkata,Prosus Ventures,Angel,0.333,2021-02-01
Dailyhunt,Consumer Electronics,Wearables,Chennai,Zodius Capital,Series A,70.794,2022-05-07
FinSense,FinTech,InsurTech,Pune,"Elevation Capital, IFC, Zodius Capital",Series A,17.127,2020-07-29
BharatPe,Logistics,Supply Chain,Noida,Peak XV,Seed,6.606,2022-06-14
HomeAnalytics,SaaS,B2B SaaS,Chennai,Matrix Partners India,Seed,1.746,2022-10-25
HealthRise,FinTech,WealthTech,Mumbai,Bessemer Venture Partners,Series D,1929.825,2023-08-24
FinSense_162,Enterprise,Security,Delhi,"LCatterton, Omidyar Network",Series C,1000.836,2022-08-18
PhonePe,Logistics,Last Mile,Delhi,"Accel, Falcon Edge",Series A,38.403,2024-01-29
SmartTech,E-commerce,Quick Commerce,Gurugram,"Accel, Info Edge",Pre-Series A,1.107,2024-06-13
Chargebee,AgriTech,Marketplace,Bengaluru,Kedaara Capital,Series B,456.057,2023-03-23
Cars24,FoodTech,Cloud Kitchen,Ahmedabad,"Blume Ventures, Prosus Ventures",Pre-Series A,1.881,2023-03-14
ShareChat,E-commerce,Grocery,Noida,"IFC, Sequoia Capital India",Series A,14.913,2022-11-05
FarmFit,SaaS,HRTech,Bengaluru,Matrix Partners India,Pre-Series A,0.99,2020-05-18
Zomato,Retail,Fashion,Pune,"Ribbit Capital, SoftBank Vision Fund",Seed,3.978,2021-12-22
SmartMart,Consumer Electronics,Smart Home,Delhi,"Bessemer Venture Partners, Elevation Capital, Info Edge",Series C,1127.583,2020-05-09
FarmFit,FinTech,WealthTech,Hyderabad,"Mirae Asset, Sequoia Capital India",Series A,9.414,2024-07-27
FinFoods,Enterprise,Analytics,Pune,Info Edge,Seed,2.979,2024-06-25
FoodFit,FoodTech,Food Delivery,Delhi,Peak XV,Series A,16.623,2022-10-15
NextStack,Media,Content,Mumbai,A91 Partners,Series A,51.642,2024-08-11
AgriSense,SaaS,HRTech,Hyderabad,"Blume Ventures, Info Edge",Series A,14.436,2024-01-09
EduMart_176,Enterprise,Security,Ahmedabad,"Peak XV, Tiger Global, Tiger Global Management",Debt,65.925,2021-07-16
CoreConnect,Retail,Fashion,Delhi,"Info Edge, Prosus Ventures",Bridge,1.872,2020-10-19
FreshSolutions_178,Retail,Fashion,Pune,"Nexus Venture Partners, Sequoia Capital India",Pre-Series A,7.776,2025-04-28
EduBox,SaaS,MarTech,Mumbai,Kalaari Capital,Series A,13.059,2022-12-20
QuantumSolutions,E-commerce,Quick Commerce,Delhi,"Bessemer Venture Partners, Nexus Venture Partners",Series A,22.662,2022-03-03
EduMart,AgriTech,Smart Farming,Kolkata,Info Edge,Seed,0.684,2020-10-04
Ola,E-commerce,D2C,Pune,Elevation Capital,Series B,584.325,2023-01-31
NextSense,Media,Streaming,Delhi,Nexus Venture Partners,Series C,1936.881,2022-11-07
CloudPay,EdTech,Coding Bootcamp,Bengaluru,Mirae Asset,Pre-Series A,1.629,2023-03-18
LogiSense,E-commerce,Quick Commerce,Hyderabad,"Kalaari Capital, Mirae Asset",Pre-Series A,4.113,2024-01-08
Groww,HealthTech,Pharmacy,Mumbai,"IFC, SoftBank Vision Fund",Series A,82.296,2023-10-24
BlueTech,HealthTech,Health Analytics,Noida,Falcon Edge,Angel,0.234,2020-04-23
Oyo,HealthTech,Diagnostics,Pune,Peak XV,Angel,0.216,2021-04-06
HealthAnalytics,Logistics,Last Mile,Noida,Omidyar Network,Seed,1.098,2023-07-04
Bounce,Mobility,Micro Mobility,Delhi,Blume Ventures,Series A,11.583,2023-04-04
BlueSpace,AgriTech,Supply Chain,Bengaluru,"Bessemer Venture Partners, Lightspeed India, Matrix Partners India",Seed,12.321,2025-04-26
SkillRise,FinTech,InsurTech,Noida,Mirae Asset,Seed,12.465,2025-05-13
CoreConnect,E-commerce,Quick Commerce,Delhi,"Lightspeed India, Omidyar Network",Series A,49.986,2022-09-18
HyperLabs,SaaS,HRTech,Chennai,"A91 Partners, SoftBank Vision Fund",Seed,1.575,2022-01-28
InMobi,E-commerce,D2C,Kolkata,Elevation Capital,Seed,1.629,2020-07-17
AeroHub,FoodTech,Cloud Kitchen,Delhi,"Blume Ventures, Kedaara Capital",Series C,1285.47,2025-03-27
NextSense,Mobility,EV,Kolkata,Accel,Growth,4801.932,2022-10-15
DriveFit,EdTech,K12,Ahmedabad,Mirae Asset,Pre-Series A,6.939,2020-04-13
CoreSpace,FinTech,Payments,Chennai,"Kalaari Capital, Tiger Global, Y Combinator",Seed,7.992,2021-06-25
Udaan,AgriTech,Marketplace,Gurugram,Kalaari Capital,Pre-Series A,3.951,2021-08-14
EduBox,Logistics,Fleet Management,Ahmedabad,Kalaari Capital,Seed,0.612,2025-06-19
BlueSpace,SaaS,DevTools,Gurugram,Tiger Global,Series A,13.941,2022-04-02
WorkStack,Mobility,EV,Delhi,SoftBank Vision Fund,Series A,102.573,2022-11-21
FoodLoop,AgriTech,Marketplace,Hyderabad,"Falcon Edge, Kedaara Capital",Series A,46.503,2022-11-04
Delhivery,Consumer Electronics,Audio,Pune,"Bessemer Venture Partners, Omidyar Network",Seed,0.468,2020-08-12
GrowthFlow,Logistics,Fleet Management,Ahmedabad,Omidyar Network,Series A,11.844,2024-01-17
Lenskart,Mobility,Micro Mobility,Ahmedabad,Zodius Capital,Series C,1085.454,2022-02-17
HomeMart_208,Media,Social,Gurugram,"Nexus Venture Partners, Prosus Ventures",Pre-Seed,0.18,2021-10-04
Flipkart,Mobility,Micro Mobility,Kolkata,"Lightspeed India, Nexus Venture Partners, Tiger Global",Growth,687.888,2024-02-15
NeoSense,Consumer Electronics,Smart Home,Chennai,"LCatterton, SoftBank Vision Fund",Seed,3.411,2020-12-20
AgriFit,Enterprise,Automation,Hyderabad,Elevation Capital,Series A,58.608,2021-01-28
Delhivery,EdTech,UpSkilling,Hyderabad,"A91 Partners, Mirae Asset",Series B,274.32,2023-11-14
SkillSolutions,AgriTech,Marketplace,Noida,"Peak XV, Zodius Capital",Pre-Series A,1.512,2025-06-30
GreenConnect,Logistics,Fleet Management,Mumbai,"Lightspeed India, Matrix Partners India, Mirae Asset",Seed,6.228,2022-06-24
SkillFlow,Media,Content,Delhi,"Matrix Partners India, Tiger Global",Seed,1.08,2024-02-26
Zepto,RealEstate,PropTech,Bengaluru,"Mirae Asset, Nexus Venture Partners, Prosus Ventures",Seed,1.494,2021-11-07
NextSense,Consumer Electronics,Wearables,Gurugram,Elevation Capital,Series C,1358.982,2021-08-11
HealthWorks,E-commerce,Grocery,Gurugram,LCatterton,Series A,52.272,2024-01-20
NoBroker,FoodTech,Cloud Kitchen,Bengaluru,"Blume Ventures, Ventures India",Debt,176.31,2022-03-24
Cars24,FinTech,Payments,Hyderabad,Elevation Capital,Series A,53.415,2020-08-07
NimbusLabs,HealthTech,Health Analytics,Hyderabad,Blume Ventures,Seed,3.663,2020-08-18
LogiRise,Media,Social,Bengaluru,A91 Partners,Series B,58.347,2024-06-07
CloudLabs,Enterprise,Automation,Chennai,Accel,Series C,487.233,2022-11-21
Wakefit,HealthTech,Diagnostics,Kolkata,Matrix Partners India,Seed,1.197,2021-05-23
FinSpace,Logistics,Supply Chain,Hyderabad,Matrix Partners India,Series A,17.424,2023-03-19
ShareChat,Media,Social,Bengaluru,Blume Ventures,Series B,668.088,2022-08-11
AeroAnalytics,Media,Content,Mumbai,Y Combinator,Series B,133.83,2025-04-10
HomeAnalytics,HealthTech,Health Analytics,Delhi,Kalaari Capital,Series A,100.782,2023-05-25
CoreSpace,Retail,Fashion,Gurugram,"Accel, IFC",Series C,994.374,2023-10-25
EduMart,SaaS,B2B SaaS,Ahmedabad,"LCatterton, Lightspeed India",Seed,8.442,2024-08-24
WorkPay,Enterprise,Automation,Kolkata,"Accel, Falcon Edge, Omidyar Network",Seed,2.871,2021-02-24
NimbusMart,Mobility,EV,Kolkata,"Prosus Ventures, SoftBank Vision Fund",Series A,42.93,2023-02-18
DataAnalytics,Enterprise,Analytics,Gurugram,"SoftBank Vision Fund, Tiger Global",Series A,34.155,2020-04-02
HealthWorks,E-commerce,Fashion,Bengaluru,Ventures India,Seed,0.927,2021-01-03
QuantumDrive,FoodTech,Food Delivery,Chennai,"IFC, Nexus Venture Partners",Pre-Series A,4.752,2023-10-30
Housejoy,HealthTech,Health Analytics,Noida,Zodius Capital,Seed,1.269,2025-06-27
DataAnalytics,Consumer Electronics,Smart Home,Noida,Matrix Partners India,Pre-Series A,0.954,2022-02-15
FoodSolutions,EdTech,Test Prep,Bengaluru,"IFC, Ventures India",Series C,1033.731,2022-05-08
PhonePe,EdTech,K12,Mumbai,"Kedaara Capital, Omidyar Network",Seed,0.864,2020-03-09
Postman,EdTech,Test Prep,Chennai,Ventures India,Series A,114.894,2023-01-10
NimbusMart,Logistics,Last Mile,Ahmedabad,"IFC, Matrix Partners India, Zodius Capital",Seed,15.183,2023-05-09
HomeAnalytics,Logistics,Last Mile,Noida,"Info Edge, LCatterton, Ribbit Capital",Bridge,13.149,2024-12-06
NimbusLabs_243,SaaS,MarTech,Noida,"Nexus Venture Partners, Y Combinator",Seed,1.764,2022-05-02
FarmBox,EdTech,UpSkilling,Delhi,A91 Partners,Series C,187.695,2025-02-16
SkillRise,HealthTech,Health Analytics,Gurugram,"Accel, Info Edge, Y Combinator",Seed,13.815,2021-11-07
FinFoods_246,FoodTech,Grocery,Ahmedabad,Blume Ventures,Series A,28.692,2024-11-24
GreenEdge,Enterprise,Security,Hyderabad,Peak XV,Bridge,15.921,2020-02-01
Housejoy,Media,Content,Gurugram,Kalaari Capital,Series B,650.916,2023-12-12
MediWorks,Retail,Grocery,Chennai,SoftBank Vision Fund,Series A,90.666,2023-08-21
ShareChat,Mobility,EV,Kolkata,"SoftBank Vision Fund, Ventures India",Seed,1.332,2024-01-19
CoreFlow,FoodTech,Cloud Kitchen,Ahmedabad,Sequoia Capital India,Growth,1243.323,2024-02-27
SkillRise,EdTech,UpSkilling,Gurugram,Mirae Asset,Pre-Series A,6.39,2024-09-02
BlueSpace,Enterprise,Security,Kolkata,Blume Ventures,Series A,21.231,2024-02-09
NeoLabs,Mobility,Micro Mobility,Bengaluru,Peak XV,Series A,14.238,2024-09-14
Postman,Retail,E-Retail,Chennai,Tiger Global,Seed,3.51,2023-07-15
WorkPay_256,Mobility,EV,Pune,"LCatterton, Peak XV, Prosus Ventures",Seed,14.22,2023-07-30
PhonePe,FinTech,NeoBank,Noida,"Falcon Edge, Kedaara Capital",Pre-Series A,4.473,2020-02-04
SmartTech_258,Enterprise,Automation,Chennai,Accel,Series C,842.787,2025-02-06
Wakefit,Mobility,Ride Sharing,Gurugram,Zodius Capital,Seed,0.648,2022-12-14
NextStack,E-commerce,D2C,Chennai,"IFC, Lightspeed India, Prosus Ventures",Series A,47.592,2021-05-13
GreenMart,FoodTech,Food Delivery,Noida,Kedaara Capital,Series A,131.409,2023-07-28
WorkFit,FoodTech,Grocery,Pune,LCatterton,Series A,13.149,2024-10-23
Razorpay,EdTech,K12,Ahmedabad,Prosus Ventures,Series A,36.63,2020-04-05
QuantumSolutions,AgriTech,Marketplace,Bengaluru,Sequoia Capital India,Seed,11.448,2024-10-07
FarmTech,Retail,Fashion,Chennai,A91 Partners,Angel,0.414,2021-09-04
UrbanDrive,Mobility,EV,Chennai,"Falcon Edge, Kedaara Capital, Tiger Global Management",Series C,1188.576,2020-10-13
Udaan,E-commerce,Fashion,Gurugram,"Peak XV, Ventures India",Series D,2268.279,2021-11-28
AutoMart,SaaS,B2B SaaS,Hyderabad,"A91 Partners, Lightspeed India",Series C,476.505,2022-07-11
UrbanSolutions,RealEstate,Rental Tech,Chennai,Bessemer Venture Partners,Seed,1.332,2023-06-20
Groww,E-commerce,D2C,Delhi,"Blume Ventures, Kalaari Capital, Y Combinator",Pre-Series A,5.805,2024-05-24
Bounce,FinTech,WealthTech,Kolkata,Nexus Venture Partners,Pre-Series A,5.814,2021-07-06
DataEdge,Mobility,Micro Mobility,Noida,Y Combinator,Pre-Series A,6.624,2020-02-23
Bounce,AgriTech,Marketplace,Pune,Kalaari Capital,Growth,5010.75,2020-01-26
WorkFit,Mobility,Ride Sharing,Ahmedabad,"Blume Ventures, Matrix Partners India",Series A,35.946,2023-11-04
NextStack,E-commerce,Marketplace,Chennai,"Bessemer Venture Partners, Y Combinator",Seed,2.862,2021-09-05
LogiMart,Consumer Electronics,Smart Home,Ahmedabad,Elevation Capital,Seed,8.55,2020-08-07
AutoMart,AgriTech,Smart Farming,Pune,"Nexus Venture Partners, SoftBank Vision Fund, Tiger Global Management",Series A,52.317,2022-05-31
CloudPay,HealthTech,Health Analytics,Pune,"A91 Partners, Matrix Partners India, Mirae Asset",Seed,5.994,2023-11-24
UrbanSolutions,Retail,Grocery,Pune,Omidyar Network,Seed,8.478,2023-02-28
BlueTech,Mobility,Ride Sharing,Kolkata,"Bessemer Venture Partners, Zodius Capital",Bridge,11.997,2021-03-05
CRED,Enterprise,Security,Kolkata,Matrix Partners India,Seed,1.566,2021-09-12
HyperLoop,Retail,Grocery,Mumbai,"Falcon Edge, Omidyar Network",Series A,24.885,2023-05-09
QuantumDrive,Retail,Grocery,Noida,Accel,Series A,11.61,2025-02-15
LogiMart,SaaS,DevTools,Ahmedabad,"Ribbit Capital, SoftBank Vision Fund, Tiger Global Management",Pre-Seed,0.684,2023-08-14
Paytm,E-commerce,Quick Commerce,Mumbai,"A91 Partners, Falcon Edge, Omidyar Network",Seed,0.513,2022-11-11
EduMart,Consumer Electronics,Smart Home,Ahmedabad,Tiger Global Management,Series B,163.629,2020-11-04
AgriHive,FoodTech,Cloud Kitchen,Mumbai,Y Combinator,Series D,1569.843,2024-02-04
DataHive,EdTech,Coding Bootcamp,Pune,"Elevation Capital, Kedaara Capital, SoftBank Vision Fund",Series A,19.557,2022-06-16
Porter,FinTech,WealthTech,Mumbai,"Blume Ventures, Matrix Partners India",Series B,231.552,2020-12-02
DriveLoop,EdTech,Coding Bootcamp,Delhi,"Kalaari Capital, Ventures India",Seed,0.504,2023-09-08
BlueRise,FoodTech,Food Delivery,Bengaluru,Ventures India,Series B,49.914,2021-02-25
Byju's,AgriTech,Supply Chain,Noida,Info Edge,Seed,9.36,2021-10-29
CureFit,RealEstate,Home Services,Noida,Kalaari Capital,Bridge,1.701,2021-10-03
Porter,SaaS,HRTech,Kolkata,"Elevation Capital, Kedaara Capital, Omidyar Network",Series A,12.699,2024-07-24
WorkFit,SaaS,B2B SaaS,Gurugram,Kedaara Capital,Seed,3.087,2021-01-09
UrbanDrive,HealthTech,Health Analytics,Chennai,"Kedaara Capital, Ribbit Capital",Seed,7.704,2023-07-25
NoBroker,Mobility,Ride Sharing,Kolkata,Zodius Capital,Seed,0.999,2021-01-18
Udaan,Enterprise,Security,Bengaluru,"Falcon Edge, Tiger Global Management",Series A,48.618,2021-02-03
NimbusLabs,Consumer Electronics,Wearables,Kolkata,"Sequoia Capital India, Ventures India",Series A,11.34,2020-06-18
Cars24,FinTech,WealthTech,Gurugram,"A91 Partners, Bessemer Venture Partners",Series A,10.35,2020-12-10
NimbusLabs,E-commerce,Grocery,Mumbai,A91 Partners,Seed,3.195,2023-01-17
Razorpay,Retail,Fashion,Kolkata,Ventures India,Series A,38.916,2022-05-20
LogiMart,FinTech,InsurTech,Hyderabad,Info Edge,Seed,4.725,2024-07-30
Housejoy,Retail,E-Retail,Gurugram,"Kedaara Capital, Ribbit Capital, Y Combinator",Series C,1285.947,2023-04-19
Dream11,AgriTech,Supply Chain,Gurugram,A91 Partners,Series C,2529.09,2024-07-07
QuantumSolutions,HealthTech,Pharmacy,Hyderabad,"Prosus Ventures, Tiger Global Management",Seed,3.024,2021-07-01
Wakefit,HealthTech,Health Analytics,Bengaluru,"IFC, Matrix Partners India, Nexus Venture Partners",Debt,6.696,2024-11-10
AgriSense,Retail,Fashion,Chennai,"Info Edge, Kalaari Capital, Matrix Partners India",Series A,77.526,2023-03-28
Bounce,FoodTech,Grocery,Hyderabad,Info Edge,Series B,95.355,2024-12-01
Myntra,SaaS,B2B SaaS,Mumbai,"Prosus Ventures, Tiger Global, Y Combinator",Series B,151.983,2022-07-27
AutoMart,FoodTech,Cloud Kitchen,Kolkata,SoftBank Vision Fund,Seed,0.603,2024-08-23
LogiSense,Consumer Electronics,Wearables,Bengaluru,"Peak XV, Sequoia Capital India",Pre-Seed,0.189,2023-07-06
NextSense,FinTech,InsurTech,Gurugram,IFC,Debt,356.778,2025-02-05
Oyo,HealthTech,Pharmacy,Mumbai,Y Combinator,Series B,456.912,2021-05-27
Dream11,FinTech,InsurTech,Hyderabad,Info Edge,Series B,309.924,2024-03-26
Bounce,Media,Social,Bengaluru,Omidyar Network,Seed,2.034,2020-06-08
Ola,FinTech,Payments,Pune,"Kedaara Capital, Mirae Asset",Series C,287.793,2024-10-27
HomeFoods,Media,Social,Mumbai,Nexus Venture Partners,Seed,0.801,2024-12-09
HyperSpace,RealEstate,PropTech,Mumbai,"Info Edge, Ribbit Capital",Series A,17.721,2020-01-18
Meesho,RealEstate,Rental Tech,Delhi,"Info Edge, LCatterton, Lightspeed India",Angel,0.234,2023-06-15
FinSense,AgriTech,Marketplace,Chennai,Bessemer Venture Partners,Pre-Series A,4.662,2022-05-29
LogiMart,E-commerce,Marketplace,Noida,"Elevation Capital, Peak XV",Series A,53.793,2024-01-16
GrowthFlow,RealEstate,Home Services,Gurugram,Ventures India,Series A,19.206,2022-11-09
Urban Company,RealEstate,PropTech,Gurugram,Mirae Asset,Series A,119.466,2020-08-18
Groww,Mobility,Ride Sharing,Pune,"A91 Partners, IFC",Angel,0.414,2020-09-27
Mobikwik,Mobility,Micro Mobility,Delhi,Sequoia Capital India,Series C,807.687,2025-05-08
CRED,FinTech,WealthTech,Gurugram,"Falcon Edge, Ribbit Capital",Pre-Seed,0.738,2020-05-03
AeroAnalytics,FoodTech,Grocery,Chennai,"Elevation Capital, Ribbit Capital",Seed,2.115,2023-01-03
FreshTech_329,EdTech,K12,Noida,"Ribbit Capital, Ventures India",Seed,1.125,2023-04-16
FreshTech,Media,Social,Bengaluru,"Nexus Venture Partners, Omidyar Network",Seed,1.674,2025-03-08
NimbusMart,Media,Streaming,Delhi,Kedaara Capital,Seed,7.371,2023-12-20
BharatPe,Consumer Electronics,Wearables,Noida,"Matrix Partners India, Ventures India, Y Combinator",Series A,9.36,2024-08-11
NextStack,E-commerce,Quick Commerce,Pune,"Kedaara Capital, Tiger Global",Series C,246.483,2021-07-11
Dunzo,Consumer Electronics,Wearables,Noida,Blume Ventures,Pre-Series A,0.999,2022-10-20
Zomato,AgriTech,Marketplace,Mumbai,Tiger Global,Seed,0.522,2022-11-08
UrbanStack,Consumer Electronics,Wearables,Chennai,A91 Partners,Angel,0.585,2021-01-01
QuantumDrive,EdTech,Coding Bootcamp,Pune,"Falcon Edge, Y Combinator",Seed,6.03,2020-06-08
Udaan,HealthTech,Diagnostics,Noida,"Mirae Asset, Tiger Global",Debt,17.136,2025-05-07
HealthAnalytics,Logistics,Supply Chain,Mumbai,Lightspeed India,Series A,11.727,2020-01-17
Oyo,Media,Streaming,Gurugram,"Bessemer Venture Partners, Tiger Global Management",Series A,34.074,2023-04-26
HomeMart,FoodTech,Cloud Kitchen,Gurugram,"IFC, Peak XV, Sequoia Capital India",Series A,32.445,2023-07-26
UrbanSolutions,Media,Content,Mumbai,"Mirae Asset, Tiger Global",Seed,0.855,2021-05-02
SmartCare,E-commerce,Quick Commerce,Gurugram,"Kedaara Capital, Y Combinator",Angel,0.162,2022-11-30
WorkFit,Mobility,Ride Sharing,Chennai,Info Edge,Seed,1.953,2023-03-08
LogiSense,Logistics,Supply Chain,Chennai,SoftBank Vision Fund,Series B,248.184,2024-02-15
SkillFlow,EdTech,K12,Ahmedabad,Info Edge,Seed,4.689,2020-08-04
HyperLabs,Mobility,EV,Gurugram,IFC,Series A,10.179,2022-08-06
Bounce,HealthTech,Pharmacy,Ahmedabad,Nexus Venture Partners,Pre-Seed,0.423,2024-09-07
LogiMart,FoodTech,Grocery,Bengaluru,Sequoia Capital India,Series B,255.168,2021-06-16
CoreConnect,Mobility,Micro Mobility,Noida,Bessemer Venture Partners,Seed,2.88,2022-08-04
FinSense,FinTech,Lending,Delhi,Prosus Ventures,Seed,10.602,2022-03-31
WorkFit,Logistics,Last Mile,Bengaluru,"Info Edge, LCatterton, Nexus Venture Partners",Debt,53.955,2021-02-08
FreshBox,Consumer Electronics,Audio,Delhi,"Kalaari Capital, Prosus Ventures, Sequoia Capital India",Angel,0.072,2022-06-06
NoBroker,SaaS,DevTools,Delhi,Sequoia Capital India,Seed,0.585,2022-07-02
HomeMart,Consumer Electronics,Wearables,Noida,Y Combinator,Series A,51.264,2020-06-28
QuantumDrive,Retail,Fashion,Gurugram,"Bessemer Venture Partners, Tiger Global Management",Series B,48.429,2024-06-30
Licious,Consumer Electronics,Smart Home,Kolkata,"Elevation Capital, SoftBank Vision Fund",Seed,3.906,2023-03-04
GrowthFlow,EdTech,Test Prep,Hyderabad,"Omidyar Network, Y Combinator",Seed,14.436,2022-08-24
PharmEasy,HealthTech,Telemedicine,Gurugram,"LCatterton, Zodius Capital",Series B,221.895,2021-06-29
NimbusMart,EdTech,Coding Bootcamp,Pune,Blume Ventures,Angel,0.144,2024-09-27
FoodLoop,Media,Content,Ahmedabad,Peak XV,Pre-Seed,0.792,2023-12-05
SmartCare,EdTech,Coding Bootcamp,Noida,Accel,Seed,2.439,2022-10-01
PharmEasy,AgriTech,Supply Chain,Bengaluru,LCatterton,Series A,39.438,2020-01-02
CloudPay,SaaS,DevTools,Pune,"Kedaara Capital, Nexus Venture Partners",Seed,14.508,2020-10-29
FreshToHome,Enterprise,Automation,Pune,"Accel, Kalaari Capital, Peak XV",Bridge,1.872,2022-02-04
Oyo,SaaS,DevTools,Delhi,"Blume Ventures, Peak XV, Ribbit Capital",Series B,646.551,2022-06-13
Licious,EdTech,K12,Chennai,Nexus Venture Partners,Seed,12.699,2023-11-11
Rapido,Media,Streaming,Chennai,"Omidyar Network, Sequoia Capital India",Series D,706.32,2024-04-27
HomeAnalytics,E-commerce,Fashion,Delhi,Y Combinator,Seed,0.585,2020-06-08
FoodLoop,E-commerce,D2C,Kolkata,Kedaara Capital,Pre-Seed,0.225,2021-03-05
NextFlow,E-commerce,Quick Commerce,Bengaluru,"IFC, Tiger Global Management",Pre-Series A,0.936,2024-02-09
NimbusLabs,SaaS,MarTech,Mumbai,"Prosus Ventures, Ribbit Capital",Series C,232.461,2024-06-03
BharatPe,Consumer Electronics,Audio,Bengaluru,Peak XV,Seed,5.589,2021-10-14
Groww,SaaS,DevTools,Chennai,"Peak XV, Tiger Global Management",Seed,0.585,2020-06-02
BlueSpace,AgriTech,Smart Farming,Bengaluru,Omidyar Network,Series A,21.348,2023-08-31
DriveEdge,E-commerce,D2C,Gurugram,"A91 Partners, Peak XV",Bridge,10.161,2022-04-18
HealthAnalytics,E-commerce,Quick Commerce,Chennai,"Nexus Venture Partners, Y Combinator",Series A,9.585,2024-09-16
DriveLoop,Enterprise,Automation,Ahmedabad,Lightspeed India,Series A,81.684,2020-07-17
Cars24,E-commerce,Fashion,Mumbai,"Mirae Asset, Prosus Ventures",Seed,1.269,2022-03-25
Bounce,RealEstate,Rental Tech,Chennai,"Info Edge, Y Combinator",Seed,0.693,2024-12-18
CureFit,Consumer Electronics,Wearables,Hyderabad,"Tiger Global, Ventures India",Seed,5.877,2021-07-04
Wakefit,E-commerce,D2C,Noida,"Lightspeed India, Tiger Global",Pre-Series A,3.834,2024-03-29
UrbanDrive,FoodTech,Grocery,Kolkata,"Elevation Capital, Kalaari Capital",Series A,96.876,2021-04-27
GreenMart,Mobility,Micro Mobility,Ahmedabad,"Blume Ventures, Tiger Global Management",Seed,6.777,2025-04-28
Meesho,Retail,E-Retail,Delhi,"Info Edge, Ribbit Capital, Tiger Global Management",Pre-Seed,1.143,2020-06-09
Swiggy,SaaS,B2B SaaS,Mumbai,"Elevation Capital, SoftBank Vision Fund",Pre-Series A,1.719,2022-03-24
LogiRise,FinTech,NeoBank,Ahmedabad,Kalaari Capital,Series A,14.553,2022-05-09
GreenConnect,AgriTech,Supply Chain,Mumbai,IFC,Series A,68.715,2020-07-25
FoodSolutions,Logistics,Supply Chain,Kolkata,Blume Ventures,Series A,80.01,2022-08-26
CoreConnect,AgriTech,Marketplace,Chennai,Prosus Ventures,Pre-Seed,1.764,2024-12-26
Postman,Media,Content,Hyderabad,Zodius Capital,Angel,0.153,2020-02-11
Oyo,Logistics,Supply Chain,Kolkata,Tiger Global Management,Series D,1059.813,2023-11-03
HomeFoods,Media,Content,Pune,"Blume Ventures, Ribbit Capital",Seed,7.893,2022-05-03
Meesho,Enterprise,Security,Kolkata,Zodius Capital,Series C,452.988,2024-11-11
NextSense_395,Media,Streaming,Chennai,"IFC, Sequoia Capital India",Seed,13.941,2024-10-09
CloudLabs,EdTech,Test Prep,Gurugram,Kedaara Capital,Pre-Seed,1.296,2020-04-13
SkillSolutions,Consumer Electronics,Smart Home,Chennai,"Omidyar Network, Sequoia Capital India, Y Combinator",Series B,147.834,2020-09-10
EduTech,Consumer Electronics,Smart Home,Noida,Ventures India,Seed,7.182,2020-11-30
Bounce,Logistics,Last Mile,Chennai,"Bessemer Venture Partners, Lightspeed India",Pre-Seed,1.026,2024-10-14
HomeAnalytics,RealEstate,PropTech,Hyderabad,IFC,Series B,59.895,2022-11-17
MediSpace,HealthTech,Diagnostics,Ahmedabad,Omidyar Network,Series C,2073.753,2021-04-03
BigBasket,Media,Streaming,Hyderabad,Info Edge,Pre-Series A,2.88,2022-02-10
GreenEdge,RealEstate,Rental Tech,Ahmedabad,Falcon Edge,Pre-Series A,6.039,2020-07-28
NimbusWorks,AgriTech,Marketplace,Hyderabad,"Tiger Global, Tiger Global Management",Seed,1.467,2020-08-09
NeoSense,Logistics,Fleet Management,Hyderabad,LCatterton,Seed,12.24,2022-11-25
CoreConnect,RealEstate,PropTech,Bengaluru,LCatterton,Series B,132.39,2021-08-28
CoreConnect,FinTech,NeoBank,Ahmedabad,"Kedaara Capital, Prosus Ventures, Ribbit Capital",Series C,185.364,2021-12-03
FarmBox,RealEstate,Home Services,Noida,"Accel, Blume Ventures, IFC",Seed,12.699,2020-12-14
FreshSolutions,Media,Streaming,Delhi,Prosus Ventures,Bridge,0.63,2025-01-16
HomeAnalytics,Media,Content,Chennai,Matrix Partners India,Series C,427.383,2021-11-09
Urban Company,Consumer Electronics,Audio,Kolkata,"Omidyar Network, Ribbit Capital",Seed,14.976,2023-07-23
CoreSpace,Mobility,Ride Sharing,Chennai,IFC,Series A,118.098,2022-04-26
WorkPay,EdTech,UpSkilling,Chennai,"IFC, Nexus Venture Partners",Debt,31.761,2025-01-02
BlueTech,Consumer Electronics,Wearables,Delhi,Info Edge,Seed,4.626,2020-04-28
FarmTech,HealthTech,Diagnostics,Kolkata,Nexus Venture Partners,Series C,606.294,2024-05-15
DriveEdge,FoodTech,Food Delivery,Kolkata,"Lightspeed India, Y Combinator",Pre-Series A,1.764,2020-03-18
UrbanStack,Retail,Fashion,Gurugram,"IFC, Lightspeed India, Ventures India",Pre-Seed,0.387,2020-01-09
FreshTech,FoodTech,Grocery,Ahmedabad,Elevation Capital,Seed,5.382,2020-05-13
Cars24,Consumer Electronics,Smart Home,Noida,"LCatterton, Tiger Global Management",Series A,69.039,2021-11-22
DataHive,Consumer Electronics,Wearables,Gurugram,"Lightspeed India, Sequoia Capital India",Seed,8.343,2025-01-31
LogiSense,FinTech,NeoBank,Noida,"IFC, Ribbit Capital, Sequoia Capital India",Seed,8.28,2022-01-20
CloudSolutions,AgriTech,Supply Chain,Ahmedabad,Ribbit Capital,Debt,1.584,2023-09-17
DataAnalytics_423,E-commerce,Fashion,Kolkata,Mirae Asset,Pre-Series A,2.808,2023-01-25
HyperLoop,RealEstate,Rental Tech,Bengaluru,Prosus Ventures,Seed,0.558,2023-09-17
SkillFlow,Media,Social,Chennai,"Kedaara Capital, Nexus Venture Partners",Series D,1594.926,2020-08-02
Porter,Retail,E-Retail,Kolkata,Zodius Capital,Seed,2.295,2021-02-13
CloudPay,FoodTech,Food Delivery,Delhi,Prosus Ventures,Pre-Seed,1.386,2022-10-13
AgriHive,FinTech,Payments,Mumbai,"Nexus Venture Partners, Prosus Ventures",Angel,0.126,2024-09-06
Bounce,Retail,Fashion,Mumbai,Ribbit Capital,Series B,62.253,2020-07-26
AutoFlow,Logistics,Supply Chain,Kolkata,IFC,Seed,0.765,2024-07-23
Cars24,SaaS,HRTech,Chennai,Sequoia Capital India,Series B,371.673,2020-07-13
FinSense,HealthTech,Pharmacy,Pune,"Matrix Partners India, Ventures India",Angel,0.288,2025-05-10
NimbusWorks,HealthTech,Telemedicine,Chennai,Zodius Capital,Pre-Series A,1.134,2022-07-23
GrowthCare,RealEstate,PropTech,Mumbai,Tiger Global Management,Seed,0.612,2024-01-27
NextSense,AgriTech,Smart Farming,Ahmedabad,Y Combinator,Series B,314.244,2021-01-06
ClearTax,Enterprise,Automation,Delhi,LCatterton,Series A,10.962,2022-09-26
Dailyhunt,FinTech,Payments,Hyderabad,"Falcon Edge, IFC, Ventures India",Series B,439.371,2020-01-26
Zepto,RealEstate,Home Services,Noida,"Accel, Prosus Ventures",Series A,60.93,2023-12-05
LogiMart,RealEstate,Rental Tech,Chennai,"LCatterton, Omidyar Network",Seed,0.603,2024-08-19
MediSpace,HealthTech,Health Analytics,Kolkata,SoftBank Vision Fund,Growth,562.923,2020-06-02
QuantumSolutions_441,EdTech,Coding Bootcamp,Chennai,"A91 Partners, Info Edge",Series C,2604.06,2020-06-10
Unacademy,Enterprise,Security,Kolkata,"Accel, Kalaari Capital, Ribbit Capital",Seed,1.791,2022-10-15
Rapido,Enterprise,Analytics,Ahmedabad,LCatterton,Bridge,1.764,2023-07-29
CoreFlow,Consumer Electronics,Wearables,Pune,Zodius Capital,Series C,1626.291,2024-07-30
FreshBox,AgriTech,Marketplace,Kolkata,"Accel, Info Edge, Prosus Ventures",Series B,622.035,2022-01-14
Rapido,SaaS,HRTech,Hyderabad,"Accel, LCatterton, Mirae Asset",Series A,129.978,2022-02-04
Freshworks,E-commerce,D2C,Ahmedabad,"Lightspeed India, Zodius Capital",Seed,7.245,2020-09-04
FinFoods,E-commerce,Fashion,Bengaluru,"Bessemer Venture Partners, Info Edge, Omidyar Network",Angel,0.135,2024-09-11
ClearDekho,HealthTech,Health Analytics,Bengaluru,"Peak XV, Zodius Capital",Series A,11.286,2020-04-09
AgriHive,Retail,E-Retail,Ahmedabad,Accel,Seed,7.911,2024-07-27
AgriSense,FoodTech,Food Delivery,Ahmedabad,Elevation Capital,Angel,0.243,2024-04-10
DataHive,Consumer Electronics,Audio,Delhi,"A91 Partners, Falcon Edge, Zodius Capital",Pre-Series A,2.394,2023-12-04
HyperLabs,Mobility,Micro Mobility,Gurugram,"Elevation Capital, Prosus Ventures, SoftBank Vision Fund",Seed,12.744,2023-07-02
EduTech,Media,Streaming,Pune,A91 Partners,Series B,61.254,2024-04-07
SkillRise,Enterprise,Automation,Hyderabad,Falcon Edge,Growth,1651.293,2022-05-15
GrowthFlow,FinTech,Payments,Gurugram,Tiger Global Management,Seed,0.468,2024-05-27
AutoStack,FinTech,WealthTech,Gurugram,Zodius Capital,Series C,640.413,2020-03-07
Zomato,AgriTech,Marketplace,Noida,"A91 Partners, Bessemer Venture Partners, Matrix Partners India",Growth,522.09,2024-02-29
SmartTech,FinTech,InsurTech,Chennai,"A91 Partners, Sequoia Capital India, SoftBank Vision Fund",Pre-Series A,1.179,2024-06-02
AutoStack,Enterprise,Security,Gurugram,"A91 Partners, Ribbit Capital, Ventures India",Angel,0.063,2023-12-14
BlueRise,EdTech,UpSkilling,Kolkata,Blume Ventures,Seed,4.932,2023-10-30
NoBroker,Media,Streaming,Mumbai,A91 Partners,Pre-Series A,5.013,2022-05-27
LogiSense,Enterprise,Security,Bengaluru,Tiger Global,Seed,3.87,2023-12-24
AgriSense,Retail,Fashion,Ahmedabad,"A91 Partners, Bessemer Venture Partners",Series D,4124.628,2021-09-08
Groww,Retail,Fashion,Pune,Falcon Edge,Series A,24.84,2025-05-13
ClearDekho,HealthTech,Health Analytics,Noida,Lightspeed India,Series A,19.512,2020-07-07
Meesho,RealEstate,Home Services,Pune,"Falcon Edge, Tiger Global Management",Pre-Series A,6.651,2021-03-23
MediSpace,SaaS,MarTech,Gurugram,"Matrix Partners India, Tiger Global",Angel,0.09,2023-06-10
AgriSense,Retail,E-Retail,Chennai,Sequoia Capital India,Seed,15.714,2024-01-22
NimbusWorks,Mobility,EV,Kolkata,"Falcon Edge, Lightspeed India, Peak XV",Pre-Seed,0.189,2025-01-13
Dream11,Retail,Fashion,Noida,Prosus Ventures,Pre-Seed,1.683,2020-05-14
Meesho,Enterprise,Automation,Chennai,"IFC, Zodius Capital",Series D,497.016,2021-02-25
DriveEdge,E-commerce,Marketplace,Bengaluru,Accel,Series A,100.53,2021-11-10
Udaan,HealthTech,Pharmacy,Noida,LCatterton,Seed,3.15,2024-08-09
Freshworks,FoodTech,Food Delivery,Chennai,"Falcon Edge, Prosus Ventures",Series A,132.453,2020-02-04
Byju's,Retail,Fashion,Ahmedabad,Y Combinator,Pre-Seed,0.216,2024-10-03
AeroAnalytics,Retail,Fashion,Hyderabad,"Y Combinator, Zodius Capital",Series A,40.329,2021-07-30
ClearTax,Consumer Electronics,Audio,Noida,"Bessemer Venture Partners, IFC",Seed,16.074,2024-03-09
Urban Company,RealEstate,PropTech,Hyderabad,"Peak XV, Ribbit Capital, Sequoia Capital India",Series B,191.907,2025-02-15
SmartCare,FinTech,NeoBank,Ahmedabad,Elevation Capital,Pre-Series A,3.834,2023-01-26
FoodSolutions,RealEstate,Rental Tech,Delhi,"Lightspeed India, Zodius Capital",Seed,5.859,2021-03-28
BlueTech,AgriTech,Supply Chain,Noida,Elevation Capital,Series A,30.816,2023-01-30
CRED,Logistics,Last Mile,Gurugram,Y Combinator,Series B,256.374,2022-09-24
FinSpace,AgriTech,Supply Chain,Gurugram,Ribbit Capital,Seed,3.888,2022-07-11
BigBasket,Media,Streaming,Delhi,Peak XV,Series A,103.293,2022-01-16
Lenskart,FinTech,WealthTech,Gurugram,"Elevation Capital, Ribbit Capital, Y Combinator",Series C,203.571,2023-12-29
FreshBox,Consumer Electronics,Wearables,Pune,"Accel, Ribbit Capital",Series C,385.218,2022-09-24
HealthRise,Enterprise,Analytics,Noida,"Sequoia Capital India, Tiger Global",Seed,14.994,2024-02-11
ClearDekho,RealEstate,PropTech,Ahmedabad,"Lightspeed India, Sequoia Capital India",Series A,100.296,2024-04-24
Swiggy,Mobility,Micro Mobility,Kolkata,Kalaari Capital,Series B,159.174,2020-10-31
Cars24,HealthTech,Health Analytics,Noida,Falcon Edge,Series A,48.258,2022-03-23
MediWorks,Retail,Fashion,Delhi,"A91 Partners, Blume Ventures",Series C,381.501,2020-10-14
GreenConnect,Consumer Electronics,Wearables,Bengaluru,Tiger Global,Seed,0.9,2022-09-25
Nykaa,EdTech,Test Prep,Gurugram,Kalaari Capital,Series A,31.59,2024-06-08
AutoFlow,FinTech,WealthTech,Mumbai,"Matrix Partners India, Zodius Capital",Series B,119.862,2022-12-03
NoBroker,FoodTech,Grocery,Chennai,Falcon Edge,Pre-Series A,3.447,2023-08-31
UrbanSolutions,EdTech,Coding Bootcamp,Pune,"Bessemer Venture Partners, LCatterton",Series C,222.174,2021-12-07
MediHive,HealthTech,Health Analytics,Delhi,"Blume Ventures, Elevation Capital, Nexus Venture Partners",Seed,16.38,2022-11-19
Housejoy,RealEstate,PropTech,Chennai,Mirae Asset,Series C,2601.036,2024-01-15
GrowthCare,AgriTech,Supply Chain,Chennai,A91 Partners,Pre-Seed,0.9,2020-03-29
BharatPe,HealthTech,Telemedicine,Ahmedabad,LCatterton,Seed,3.249,2020-12-06
CoreConnect,AgriTech,Marketplace,Bengaluru,"Lightspeed India, Peak XV, Zodius Capital",Growth,1018.521,2024-01-30
CoreSpace,HealthTech,Diagnostics,Chennai,"Blume Ventures, Zodius Capital",Series A,81.531,2024-06-15
CureFit,HealthTech,Pharmacy,Kolkata,Y Combinator,Series A,57.483,2020-05-20
LogiSense,EdTech,Coding Bootcamp,Delhi,"LCatterton, Omidyar Network",Series A,13.977,2020-12-29
AeroAnalytics,E-commerce,Fashion,Delhi,LCatterton,Angel,0.693,2023-01-09
Paytm,Mobility,EV,Pune,"Info Edge, Peak XV",Growth,3944.079,2023-11-29
AgriHive,FoodTech,Food Delivery,Ahmedabad,"A91 Partners, Info Edge, Matrix Partners India",Series C,2356.803,2025-02-02
PharmEasy,Enterprise,Analytics,Hyderabad,"Matrix Partners India, Sequoia Capital India",Series A,64.233,2023-01-18
MediHive,E-commerce,Grocery,Bengaluru,"Accel, Bessemer Venture Partners, Kalaari Capital",Pre-Series A,3.699,2021-02-24
DriveLoop,Logistics,Supply Chain,Noida,"Elevation Capital, Prosus Ventures",Pre-Series A,2.358,2022-01-18
CoreFlow,Retail,Fashion,Kolkata,"Mirae Asset, Tiger Global Management",Seed,14.04,2023-02-19
FoodSolutions,FoodTech,Grocery,Delhi,Ventures India,Series D,3305.799,2023-09-12
EduMart,HealthTech,Telemedicine,Gurugram,Bessemer Venture Partners,Series A,10.17,2024-05-28
Udaan,HealthTech,Health Analytics,Bengaluru,Mirae Asset,Series C,193.32,2024-08-13
DriveEdge,Logistics,Last Mile,Pune,"Omidyar Network, Tiger Global Management, Y Combinator",Seed,1.8,2020-03-18
SmartTech,AgriTech,Supply Chain,Delhi,Lightspeed India,Series B,425.808,2022-06-18
SmartTech,Retail,Fashion,Noida,"Blume Ventures, Sequoia Capital India",Series A,130.428,2021-04-19
MediWorks,HealthTech,Telemedicine,Hyderabad,"Falcon Edge, Kalaari Capital, Omidyar Network",Series C,270.504,2021-12-24
CRED,E-commerce,Grocery,Hyderabad,"Tiger Global Management, Y Combinator",Series B,233.676,2023-02-19
SkillSolutions,EdTech,Coding Bootcamp,Chennai,Kalaari Capital,Series A,25.245,2021-06-18
AeroStack,Mobility,EV,Pune,"IFC, Peak XV",Bridge,16.11,2024-07-02
AutoStack,FoodTech,Grocery,Kolkata,Peak XV,Series C,1760.679,2024-03-31
LogiRise,AgriTech,Supply Chain,Kolkata,"Ribbit Capital, Tiger Global Management",Seed,9.918,2020-05-18
HomeFoods,FoodTech,Food Delivery,Noida,Matrix Partners India,Series A,32.022,2023-12-06
Bounce,FoodTech,Grocery,Pune,Mirae Asset,Seed,2.079,2025-03-22
AgriFit,AgriTech,Smart Farming,Delhi,Mirae Asset,Bridge,1.233,2023-10-31
CloudPay,EdTech,UpSkilling,Gurugram,Zodius Capital,Seed,0.558,2024-09-05
Licious,HealthTech,Telemedicine,Mumbai,"IFC, Mirae Asset, Sequoia Capital India",Angel,0.603,2023-10-16
Razorpay,Enterprise,Security,Pune,"IFC, Mirae Asset",Series A,81.333,2022-10-05
QuantumSolutions,Retail,Fashion,Delhi,"A91 Partners, Mirae Asset",Seed,17.982,2024-06-24
AeroAnalytics,Enterprise,Automation,Delhi,"Falcon Edge, Sequoia Capital India, SoftBank Vision Fund",Series A,133.776,2020-09-03
FarmTech,E-commerce,D2C,Pune,A91 Partners,Series A,40.5,2021-06-15
FinSpace,AgriTech,Smart Farming,Pune,Kalaari Capital,Seed,7.677,2022-05-18
NimbusWorks,FoodTech,Food Delivery,Kolkata,"Prosus Ventures, Zodius Capital",Seed,14.679,2020-09-25
SkillFlow,Mobility,EV,Chennai,"Bessemer Venture Partners, Blume Ventures, Nexus Venture Partners",Seed,10.341,2024-06-26
Chargebee,HealthTech,Pharmacy,Kolkata,"Accel, Tiger Global",Seed,1.125,2023-02-25
BharatPe,FinTech,Lending,Hyderabad,Info Edge,Series A,30.492,2023-07-13
WorkStack,SaaS,HRTech,Pune,IFC,Pre-Seed,0.243,2020-09-05
BlueRise,RealEstate,Rental Tech,Noida,Y Combinator,Seed,15.192,2024-05-17
Myntra,Retail,Fashion,Kolkata,"Elevation Capital, Ribbit Capital",Private Equity,3634.272,2022-02-19
GreenConnect,RealEstate,Home Services,Chennai,"IFC, Tiger Global",Series B,84.825,2023-03-16
BharatPe,SaaS,DevTools,Pune,"Elevation Capital, Matrix Partners India, Ribbit Capital",Seed,5.364,2021-08-19
Ola,Retail,Grocery,Ahmedabad,"Blume Ventures, IFC",Series A,47.997,2022-07-11
FreshSolutions,RealEstate,Home Services,Mumbai,Accel,Seed,1.683,2022-03-24
FarmBox,FinTech,InsurTech,Noida,Matrix Partners India,Series C,244.809,2020-06-19
HyperLoop,FoodTech,Food Delivery,Gurugram,"Nexus Venture Partners, Ribbit Capital",Seed,5.355,2021-08-04
Lenskart,FinTech,Payments,Pune,"IFC, Mirae Asset",Growth,1776.447,2021-10-28
SkillFlow,HealthTech,Diagnostics,Ahmedabad,"A91 Partners, Falcon Edge, Ribbit Capital",Series A,72.873,2023-07-16
FreshTech,Consumer Electronics,Smart Home,Gurugram,Y Combinator,Series C,736.263,2022-06-23
Swiggy,HealthTech,Pharmacy,Bengaluru,SoftBank Vision Fund,Pre-Seed,1.278,2024-07-27
CoreSpace,Media,Content,Kolkata,"Bessemer Venture Partners, Omidyar Network",Seed,3.447,2024-04-17
MediHive,EdTech,Coding Bootcamp,Noida,Kedaara Capital,Series A,41.112,2021-05-26
UrbanDrive,EdTech,UpSkilling,Mumbai,"LCatterton, Ventures India",Pre-Series A,6.777,2021-05-05
SkillFlow,Media,Streaming,Hyderabad,Blume Ventures,Pre-Series A,2.277,2024-10-13
Cars24,E-commerce,Fashion,Ahmedabad,"Mirae Asset, SoftBank Vision Fund",Series A,12.942,2023-12-05
WorkPay_557,Mobility,Ride Sharing,Delhi,Nexus Venture Partners,Bridge,0.504,2021-07-31
Dailyhunt,Media,Social,Gurugram,"Kalaari Capital, Lightspeed India",Seed,7.29,2020-01-31
Chargebee,SaaS,MarTech,Bengaluru,Tiger Global,Seed,4.437,2024-09-23
DriveFit_560,Consumer Electronics,Audio,Gurugram,"Nexus Venture Partners, Zodius Capital",Angel,0.369,2021-05-27
LogiMart,Consumer Electronics,Audio,Bengaluru,Falcon Edge,Seed,0.99,2024-02-14
FarmTech,RealEstate,Home Services,Pune,Ventures India,Seed,0.747,2024-01-31
NeoTech,RealEstate,Home Services,Gurugram,"Accel, Lightspeed India, Ribbit Capital",Pre-Series A,0.927,2020-04-16
NeoSense_564,Retail,Grocery,Ahmedabad,Sequoia Capital India,Seed,1.638,2024-06-04
Razorpay,AgriTech,Marketplace,Kolkata,Bessemer Venture Partners,Series B,230.967,2020-11-13
LogiMart,E-commerce,Grocery,Pune,"Blume Ventures, Tiger Global, Y Combinator",Angel,0.144,2024-04-04
AeroStack,EdTech,UpSkilling,Noida,Bessemer Venture Partners,Series C,588.546,2024-03-29
Dailyhunt,Media,Social,Bengaluru,"LCatterton, Mirae Asset, Nexus Venture Partners",Series B,551.988,2022-01-03
Dailyhunt,Mobility,EV,Noida,"Blume Ventures, Y Combinator",Series B,118.179,2021-01-23
InMobi,Logistics,Fleet Management,Noida,Info Edge,Seed,2.997,2022-12-23
CureFit,Mobility,EV,Kolkata,"Blume Ventures, Y Combinator",Pre-Seed,1.098,2023-07-30
PhonePe,AgriTech,Smart Farming,Ahmedabad,Prosus Ventures,Seed,1.944,2024-01-16
UrbanDrive,RealEstate,Home Services,Noida,Kalaari Capital,Seed,4.464,2021-08-02
AgriSense,Mobility,Micro Mobility,Mumbai,Blume Ventures,Pre-Seed,1.314,2025-04-04
GreenMart,Consumer Electronics,Audio,Mumbai,"Falcon Edge, Prosus Ventures",Pre-Seed,1.602,2023-08-07
CloudSolutions_576,EdTech,Test Prep,Bengaluru,"Accel, LCatterton, Mirae Asset",Angel,0.072,2021-03-03
HealthWorks,Media,Content,Pune,"Matrix Partners India, Tiger Global",Series C,2213.217,2020-04-29
Groww,Enterprise,Security,Mumbai,"Accel, Kedaara Capital",Bridge,2.763,2025-05-21
AeroHub,Mobility,Micro Mobility,Gurugram,A91 Partners,Series A,18.108,2025-04-24
SkillRise,Retail,Fashion,Ahmedabad,"Blume Ventures, IFC, Prosus Ventures",Pre-Series A,2.592,2022-07-28
BlueTech,Mobility,EV,Delhi,"LCatterton, Peak XV",Series A,127.89,2023-05-13
NeoSense,FoodTech,Grocery,Chennai,"A91 Partners, Matrix Partners India",Series C,683.343,2021-10-24
UrbanSolutions,Media,Content,Pune,Sequoia Capital India,Bridge,1.512,2022-07-05
HealthAnalytics,Mobility,Ride Sharing,Hyderabad,IFC,Pre-Seed,0.774,2021-03-30
DataAnalytics,Media,Content,Noida,"Blume Ventures, Sequoia Capital India",Series A,17.244,2023-03-14
Licious,HealthTech,Diagnostics,Hyderabad,Matrix Partners India,Pre-Series A,1.071,2023-04-07
Delhivery,E-commerce,Grocery,Chennai,"Accel, Mirae Asset, SoftBank Vision Fund",Series A,12.762,2021-03-21
Myntra,Enterprise,Automation,Ahmedabad,"Ribbit Capital, Sequoia Capital India",Series C,254.601,2020-07-14
QuantumAnalytics_589,FinTech,WealthTech,Pune,"Nexus Venture Partners, Peak XV",Growth,671.913,2022-06-08
HomeFoods,Enterprise,Automation,Bengaluru,"Falcon Edge, Tiger Global",Series B,66.123,2023-07-18
FoodLoop,HealthTech,Pharmacy,Noida,Prosus Ventures,Series B,266.013,2020-11-09
DriveFit,Retail,Fashion,Ahmedabad,"Elevation Capital, Kalaari Capital",Series A,14.724,2021-03-30
LogiSense,Consumer Electronics,Smart Home,Bengaluru,Kalaari Capital,Series A,22.95,2021-06-21
DriveEdge,HealthTech,Diagnostics,Kolkata,"Lightspeed India, Ribbit Capital",Series A,102.078,2022-09-26
LogiMart,Logistics,Supply Chain,Pune,Accel,Series B,167.463,2023-03-25
Flipkart,FoodTech,Food Delivery,Pune,"Bessemer Venture Partners, Prosus Ventures",Seed,5.283,2021-12-06
Lenskart,SaaS,MarTech,Ahmedabad,Lightspeed India,Seed,0.846,2020-04-01
NimbusWorks,Media,Social,Mumbai,"IFC, Peak XV",Series B,76.689,2021-05-12
SmartTech_599,Media,Social,Hyderabad,Lightspeed India,Series A,10.053,2020-02-16
Meesho,EdTech,UpSkilling,Noida,Kedaara Capital,Series A,14.22,2024-02-03
PhonePe,FoodTech,Grocery,Noida,Elevation Capital,Pre-Seed,0.342,2020-12-14
SkillFlow_602,RealEstate,PropTech,Mumbai,"IFC, Prosus Ventures",Pre-Series A,1.35,2021-07-09
PhonePe,Logistics,Fleet Management,Chennai,"Accel, Tiger Global Management",Seed,0.621,2022-02-18
HyperLabs,AgriTech,Marketplace,Mumbai,"A91 Partners, Kedaara Capital",Seed,0.702,2022-10-22
Razorpay,EdTech,UpSkilling,Pune,Sequoia Capital India,Series A,31.347,2024-03-04
AgriFit,Logistics,Last Mile,Noida,"Kalaari Capital, Matrix Partners India, Tiger Global Management",Seed,0.963,2020-05-06
ClearTax,Mobility,EV,Gurugram,"Accel, Prosus Ventures",Seed,1.728,2025-01-11
QuantumAnalytics,RealEstate,Rental Tech,Gurugram,Info Edge,Pre-Series A,2.871,2023-03-19
FreshTech,SaaS,MarTech,Noida,Omidyar Network,Seed,5.742,2023-08-29
CloudPay,Logistics,Fleet Management,Noida,Prosus Ventures,Angel,0.054,2022-05-30
NextSense,Mobility,Micro Mobility,Mumbai,Kedaara Capital,Seed,8.586,2024-09-15
FoodLoop,FoodTech,Food Delivery,Hyderabad,"Bessemer Venture Partners, Elevation Capital, Peak XV",Series A,49.284,2025-03-27
AeroStack,FinTech,NeoBank,Ahmedabad,Matrix Partners India,Seed,0.612,2023-03-07
GrowthFlow,Media,Content,Delhi,"Kedaara Capital, Y Combinator",Series A,95.859,2023-05-23
UrbanDrive,HealthTech,Diagnostics,Gurugram,Peak XV,Seed,13.446,2022-04-16
Flipkart,EdTech,K12,Gurugram,"IFC, Mirae Asset",Seed,0.567,2025-03-13
NeoSense,EdTech,Coding Bootcamp,Chennai,"Kalaari Capital, Kedaara Capital, Zodius Capital",Series C,380.979,2023-05-30
GrowthConnect,Consumer Electronics,Wearables,Bengaluru,"Falcon Edge, Tiger Global Management",Growth,3777.66,2021-05-18
Razorpay,Mobility,EV,Noida,Blume Ventures,Series C,1365.507,2025-05-25
Dailyhunt,FoodTech,Food Delivery,Hyderabad,Omidyar Network,Series A,14.832,2022-05-15
Udaan,Media,Streaming,Delhi,"Accel, Falcon Edge",Series A,15.867,2023-08-16
BlueTech,Media,Streaming,Delhi,"Info Edge, Sequoia Capital India",Pre-Series A,2.115,2021-10-24
CloudPay,E-commerce,D2C,Pune,"Bessemer Venture Partners, Kedaara Capital, Nexus Venture Partners",Series B,172.44,2025-01-31
Porter,Media,Content,Pune,"Kedaara Capital, Tiger Global Management",Seed,4.401,2023-12-19
NextSense,FoodTech,Cloud Kitchen,Delhi,"Blume Ventures, IFC, Nexus Venture Partners",Angel,0.135,2023-03-04
Udaan,FoodTech,Food Delivery,Hyderabad,"Blume Ventures, Elevation Capital",Series B,162.243,2025-05-22
LogiSense,FinTech,NeoBank,Hyderabad,"A91 Partners, Sequoia Capital India",Pre-Seed,1.008,2022-10-16
NimbusLabs,AgriTech,Marketplace,Kolkata,Omidyar Network,Series A,9.936,2022-06-23
MediHive,Mobility,EV,Ahmedabad,Tiger Global,Series A,17.829,2024-08-06
GreenConnect_630,SaaS,B2B SaaS,Delhi,"Elevation Capital, Zodius Capital",Series D,2325.744,2023-09-28
Unacademy,FinTech,Payments,Chennai,"Elevation Capital, Kedaara Capital, Prosus Ventures",Debt,234.63,2020-11-26
EduTech,Media,Streaming,Pune,SoftBank Vision Fund,Angel,0.207,2020-07-09
QuantumAnalytics,Retail,Grocery,Noida,Nexus Venture Partners,Seed,3.204,2022-08-22
SkillSolutions,FoodTech,Grocery,Gurugram,Accel,Series B,60.57,2023-06-07
Unacademy,Consumer Electronics,Smart Home,Ahmedabad,Info Edge,Angel,0.171,2023-12-18
FoodLoop,AgriTech,Marketplace,Pune,"Kedaara Capital, Mirae Asset",Angel,0.225,2023-06-12
Chargebee,Consumer Electronics,Audio,Ahmedabad,Sequoia Capital India,Seed,1.098,2021-08-17
GrowthFlow,Retail,E-Retail,Gurugram,"Tiger Global, Y Combinator",Series C,373.185,2022-04-29
Meesho,FinTech,Lending,Hyderabad,Elevation Capital,Seed,1.809,2020-05-18
AgriSense,E-commerce,D2C,Pune,"Peak XV, Zodius Capital",Pre-Series A,0.945,2023-03-11
CloudLabs,SaaS,MarTech,Kolkata,Mirae Asset,Series C,430.596,2023-08-15
LogiRise,Mobility,EV,Kolkata,"A91 Partners, Falcon Edge, Tiger Global",Series C,319.122,2022-04-27
HyperLabs,FinTech,Lending,Ahmedabad,Tiger Global,Series B,111.573,2024-06-25
WorkPay,FinTech,WealthTech,Chennai,A91 Partners,Series A,12.447,2024-09-21
UrbanDrive,E-commerce,D2C,Pune,"Accel, IFC",Series B,531.513,2021-07-10
NimbusWorks,Logistics,Last Mile,Noida,Bessemer Venture Partners,Seed,4.023,2020-08-17
CloudPay,Consumer Electronics,Smart Home,Bengaluru,"Blume Ventures, SoftBank Vision Fund",Series C,1132.29,2025-01-27
AgriHive,Mobility,EV,Pune,Zodius Capital,Seed,8.271,2024-11-20
LogiSense,FinTech,InsurTech,Chennai,Sequoia Capital India,Series B,179.226,2022-12-05
FarmFit,AgriTech,Supply Chain,Pune,Falcon Edge,Series A,11.385,2020-04-04
FreshTech_651,Retail,Grocery,Gurugram,Elevation Capital,Seed,3.267,2021-01-29
FoodLoop,RealEstate,PropTech,Hyderabad,Sequoia Capital India,Seed,3.924,2021-07-14
Zomato,EdTech,UpSkilling,Noida,"A91 Partners, Bessemer Venture Partners, Blume Ventures",Seed,7.038,2020-10-16
FreshTech,SaaS,MarTech,Bengaluru,"Accel, Tiger Global, Y Combinator",Seed,2.214,2022-08-22
DriveFit,AgriTech,Marketplace,Kolkata,Zodius Capital,Series A,12.717,2021-10-01
HealthRise,Retail,Grocery,Ahmedabad,"Info Edge, Mirae Asset, Prosus Ventures",Seed,1.278,2024-07-22
InMobi,Consumer Electronics,Audio,Gurugram,"Matrix Partners India, Y Combinator",Seed,1.719,2025-01-08
BlueTech,RealEstate,Home Services,Pune,Mirae Asset,Series A,51.75,2020-03-02
NextFlow,Enterprise,Analytics,Hyderabad,"Accel, Nexus Venture Partners",Series C,844.425,2023-05-22
AeroStack,RealEstate,PropTech,Hyderabad,"Kalaari Capital, Ribbit Capital",Series A,23.607,2022-03-31
NextSense,FoodTech,Cloud Kitchen,Pune,"Info Edge, Tiger Global Management",Seed,17.127,2023-11-22
DataHive,EdTech,K12,Mumbai,"Accel, Zodius Capital",Series B,241.344,2023-12-28
SmartMart,E-commerce,Fashion,Delhi,Omidyar Network,Seed,1.08,2022-04-11
QuantumAnalytics,RealEstate,Rental Tech,Bengaluru,LCatterton,Seed,0.657,2024-07-31
Rapido,Retail,E-Retail,Delhi,"Info Edge, Ribbit Capital",Series A,13.617,2021-08-19
CoreFlow,SaaS,HRTech,Ahmedabad,LCatterton,Series C,350.379,2023-10-23
DriveEdge,SaaS,B2B SaaS,Ahmedabad,IFC,Pre-Seed,0.261,2022-11-11
HealthWorks,Mobility,Ride Sharing,Bengaluru,Accel,Series B,75.483,2024-08-07
HealthAnalytics,EdTech,Coding Bootcamp,Ahmedabad,"A91 Partners, Y Combinator",Pre-Series A,1.737,2021-10-13
NoBroker,Consumer Electronics,Audio,Gurugram,Zodius Capital,Series A,14.391,2024-09-23
HyperLoop,Enterprise,Automation,Delhi,"Kedaara Capital, Mirae Asset, Sequoia Capital India",Seed,12.303,2020-05-26
DriveEdge,HealthTech,Telemedicine,Delhi,"Kedaara Capital, LCatterton",Series B,56.214,2022-05-01
Innovaccer,AgriTech,Supply Chain,Kolkata,"Kalaari Capital, Lightspeed India",Series A,37.251,2023-02-04
Innovaccer,AgriTech,Supply Chain,Ahmedabad,Kedaara Capital,Series A,27.351,2024-02-05
NextStack,Mobility,Micro Mobility,Pune,"Mirae Asset, Y Combinator",Pre-Seed,1.728,2020-03-18
AgriHive,E-commerce,Marketplace,Noida,Mirae Asset,Debt,1.809,2024-03-17
HealthRise,AgriTech,Supply Chain,Gurugram,"Accel, Peak XV, Ribbit Capital",Series A,26.433,2024-02-27
FreshTech,SaaS,B2B SaaS,Kolkata,"A91 Partners, SoftBank Vision Fund",Series A,124.29,2025-01-29
AgriFit,Retail,Grocery,Hyderabad,"Kedaara Capital, Ventures India",Seed,10.962,2023-11-24
Swiggy,FinTech,InsurTech,Ahmedabad,"Ribbit Capital, Tiger Global Management, Zodius Capital",Seed,9.171,2020-04-15
SmartTech,HealthTech,Telemedicine,Hyderabad,Elevation Capital,Seed,1.161,2023-06-15
CloudSolutions_682,E-commerce,Grocery,Delhi,Prosus Ventures,Angel,0.072,2024-02-22
Nykaa,Retail,E-Retail,Hyderabad,"Blume Ventures, Falcon Edge",Series C,1100.673,2021-04-28
GreenMart,E-commerce,Marketplace,Ahmedabad,"Kalaari Capital, Ventures India",Angel,0.729,2020-11-11
AeroHub,Consumer Electronics,Smart Home,Delhi,Tiger Global,Seed,3.51,2024-02-12
CureFit,Retail,E-Retail,Bengaluru,"Elevation Capital, Ventures India",Seed,3.708,2022-03-27
PharmEasy,FoodTech,Grocery,Chennai,"IFC, Sequoia Capital India",Series A,19.206,2020-10-24
EduMart,SaaS,B2B SaaS,Mumbai,Peak XV,Angel,0.45,2023-07-29
Paytm,AgriTech,Marketplace,Hyderabad,Matrix Partners India,Seed,0.9,2021-06-30
DriveFit,RealEstate,Rental Tech,Gurugram,Falcon Edge,Series B,110.394,2023-04-20
BlueTech,FinTech,Payments,Mumbai,"Accel, Info Edge",Pre-Seed,0.477,2020-07-19
HomeAnalytics,Logistics,Last Mile,Bengaluru,Peak XV,Pre-Seed,0.576,2020-07-07
GreenEdge,RealEstate,PropTech,Mumbai,Y Combinator,Seed,1.098,2023-05-23
DataEdge,Media,Social,Hyderabad,Ribbit Capital,Seed,0.684,2023-09-14
SkillSolutions,Media,Streaming,Pune,Elevation Capital,Seed,4.284,2024-05-17
HealthWorks,SaaS,B2B SaaS,Hyderabad,Info Edge,Bridge,1.305,2021-06-26
NeoLabs,EdTech,Coding Bootcamp,Delhi,A91 Partners,Series B,225.468,2020-08-10
Paytm,EdTech,Test Prep,Kolkata,Tiger Global,Series B,69.039,2020-07-30
AutoStack,FinTech,InsurTech,Delhi,Prosus Ventures,Series B,170.829,2020-01-02
NextStack,SaaS,MarTech,Ahmedabad,"Kalaari Capital, Mirae Asset",Pre-Seed,0.612,2023-12-20
CRED,Mobility,Ride Sharing,Bengaluru,"Falcon Edge, Nexus Venture Partners",Pre-Series A,1.017,2023-11-12
Licious,SaaS,HRTech,Chennai,"Accel, Falcon Edge, Peak XV",Seed,1.557,2025-05-17
HealthRise,Retail,Grocery,Gurugram,"Elevation Capital, Prosus Ventures",Seed,0.738,2020-03-21
UrbanDrive,RealEstate,Rental Tech,Pune,"Blume Ventures, Info Edge, Sequoia Capital India",Series A,10.683,2024-12-17
GrowthFlow,AgriTech,Supply Chain,Kolkata,"Mirae Asset, Ribbit Capital",Pre-Series A,8.793,2024-06-11
EduBox,FinTech,Payments,Pune,"Bessemer Venture Partners, Nexus Venture Partners, Tiger Global",Seed,1.476,2024-06-01
LogiRise,Enterprise,Automation,Delhi,Sequoia Capital India,Series B,425.007,2021-04-22
SmartCare,FinTech,InsurTech,Ahmedabad,"Blume Ventures, Nexus Venture Partners, Tiger Global",Pre-Seed,0.324,2023-12-07
BigBasket,Enterprise,Analytics,Kolkata,"Tiger Global, Zodius Capital",Series A,56.988,2024-09-06
Porter,Consumer Electronics,Smart Home,Ahmedabad,Info Edge,Seed,7.434,2024-07-05
FoodFit,RealEstate,Rental Tech,Noida,Ventures India,Seed,4.05,2024-09-09
NoBroker,SaaS,B2B SaaS,Mumbai,"Blume Ventures, Y Combinator",Seed,2.565,2024-03-31
Dream11,Consumer Electronics,Audio,Ahmedabad,"Bessemer Venture Partners, Omidyar Network, Sequoia Capital India",Pre-Seed,0.468,2020-07-23
Myntra,E-commerce,Quick Commerce,Bengaluru,"Kalaari Capital, LCatterton, Ribbit Capital",Seed,1.629,2020-07-01
FarmBox,EdTech,K12,Hyderabad,Peak XV,Series A,111.546,2022-04-23
GrowthConnect,Media,Content,Ahmedabad,Y Combinator,Bridge,9.639,2023-07-08
MediHive,EdTech,Test Prep,Noida,IFC,Bridge,15.822,2023-06-21
ClearDekho,EdTech,Coding Bootcamp,Gurugram,Bessemer Venture Partners,Seed,0.711,2021-01-31
FarmBox,HealthTech,Telemedicine,Bengaluru,Info Edge,Series B,341.397,2021-08-06
WorkStack,Retail,Grocery,Bengaluru,"Bessemer Venture Partners, Blume Ventures",Seed,14.337,2020-04-17
Myntra,Mobility,Ride Sharing,Mumbai,"Omidyar Network, SoftBank Vision Fund",Angel,0.081,2024-01-17
BlueRise,SaaS,DevTools,Mumbai,Ventures India,Seed,0.576,2020-07-19
CloudPay,EdTech,Test Prep,Kolkata,"Nexus Venture Partners, Peak XV",Series A,66.969,2020-04-21
AutoFlow,SaaS,DevTools,Kolkata,Tiger Global Management,Series B,221.283,2023-07-18
CloudPay,FinTech,NeoBank,Bengaluru,"Blume Ventures, Info Edge",Seed,10.044,2020-08-15
DataHive,Logistics,Fleet Management,Delhi,"LCatterton, Omidyar Network",Series C,262.818,2023-07-30
HomeFoods,Enterprise,Automation,Kolkata,Mirae Asset,Growth,3670.209,2021-03-19
UrbanStack,Media,Social,Gurugram,LCatterton,Seed,0.945,2023-04-01
WorkPay,FinTech,InsurTech,Bengaluru,"Falcon Edge, Sequoia Capital India, Ventures India",Pre-Seed,0.261,2022-08-21
GrowthCare,Media,Social,Kolkata,"Kedaara Capital, Ventures India",Series A,14.04,2020-06-19
Freshworks,EdTech,K12,Pune,Sequoia Capital India,Seed,9.081,2023-08-19
BigBasket,HealthTech,Health Analytics,Ahmedabad,"Mirae Asset, Nexus Venture Partners",Series B,284.571,2020-02-19
CoreConnect,Enterprise,Security,Kolkata,"LCatterton, SoftBank Vision Fund, Tiger Global",Series B,191.889,2020-01-03
GreenMart,Retail,Grocery,Ahmedabad,Bessemer Venture Partners,Series A,23.787,2024-06-15
HealthRise,SaaS,B2B SaaS,Noida,LCatterton,Bridge,11.439,2023-10-13
FreshToHome,FoodTech,Food Delivery,Kolkata,Blume Ventures,Series A,26.046,2022-01-18
CRED,Mobility,Micro Mobility,Gurugram,A91 Partners,Seed,9.153,2021-11-16
GrowthCare,Retail,Fashion,Gurugram,SoftBank Vision Fund,Series C,591.201,2024-04-07
NextStack,FoodTech,Food Delivery,Bengaluru,"Falcon Edge, Mirae Asset",Seed,1.809,2021-12-08
NeoTech,Mobility,Micro Mobility,Noida,"Prosus Ventures, Y Combinator",Angel,0.18,2022-07-14
Byju's,EdTech,Coding Bootcamp,Mumbai,Elevation Capital,Seed,1.368,2025-01-12
Dunzo,E-commerce,Marketplace,Hyderabad,"Lightspeed India, Nexus Venture Partners",Seed,7.092,2020-10-30
DataAnalytics,RealEstate,Rental Tech,Delhi,"Sequoia Capital India, Ventures India",Series A,35.118,2022-05-10
FinFoods_744,Enterprise,Analytics,Noida,"Ribbit Capital, SoftBank Vision Fund",Series B,85.671,2022-04-23
NeoSense,RealEstate,Rental Tech,Noida,"Elevation Capital, Nexus Venture Partners",Series D,3570.975,2022-06-30
BigBasket,HealthTech,Pharmacy,Gurugram,Bessemer Venture Partners,Series A,25.452,2025-06-11
Postman,HealthTech,Pharmacy,Hyderabad,"Kedaara Capital, Peak XV",Series A,39.222,2020-12-06
SmartTech,HealthTech,Diagnostics,Delhi,A91 Partners,Seed,12.744,2020-03-25
Dailyhunt,Logistics,Supply Chain,Delhi,Prosus Ventures,Seed,4.5,2023-12-19
FoodSolutions,Consumer Electronics,Smart Home,Delhi,Kalaari Capital,Series A,12.348,2020-09-05
Chargebee,Retail,E-Retail,Kolkata,Tiger Global Management,Angel,0.756,2020-11-15
ClearDekho,SaaS,HRTech,Kolkata,"Bessemer Venture Partners, Prosus Ventures",Angel,0.297,2025-06-08
Ola,SaaS,B2B SaaS,Kolkata,"A91 Partners, Kalaari Capital, SoftBank Vision Fund",Angel,0.126,2020-10-12
HomeAnalytics,E-commerce,D2C,Bengaluru,"Bessemer Venture Partners, Falcon Edge",Series A,13.122,2021-02-03
QuantumSolutions,E-commerce,Grocery,Kolkata,Tiger Global Management,Series B,406.737,2025-05-15
DriveFit,SaaS,B2B SaaS,Pune,Y Combinator,Pre-Series A,3.753,2024-01-06
HealthAnalytics,Logistics,Supply Chain,Noida,"Kalaari Capital, Ventures India",Seed,3.222,2024-01-30
Ola,Logistics,Last Mile,Chennai,Zodius Capital,Series B,536.499,2022-04-28
Unacademy,HealthTech,Diagnostics,Hyderabad,"Tiger Global, Tiger Global Management",Series A,76.158,2024-11-11
UrbanSolutions,FoodTech,Grocery,Hyderabad,"Kedaara Capital, Ventures India",Pre-Series A,1.278,2023-02-12
FinSense,Enterprise,Security,Hyderabad,Zodius Capital,Series A,20.934,2020-03-27
Oyo,Consumer Electronics,Smart Home,Kolkata,Blume Ventures,Seed,1.125,2024-06-08
Delhivery,RealEstate,Rental Tech,Kolkata,Kalaari Capital,Seed,7.002,2023-09-25
NeoLabs,RealEstate,PropTech,Bengaluru,"Tiger Global, Tiger Global Management",Seed,0.513,2021-07-21
ShareChat,AgriTech,Smart Farming,Ahmedabad,"Prosus Ventures, Tiger Global Management, Zodius Capital",Series A,42.12,2021-06-12
NimbusWorks,AgriTech,Supply Chain,Hyderabad,SoftBank Vision Fund,Seed,7.497,2020-04-29
HyperSpace,FinTech,WealthTech,Pune,Tiger Global,Pre-Series A,6.777,2025-02-10
Cars24,Mobility,Micro Mobility,Mumbai,"Accel, Blume Ventures, Ventures India",Series A,22.725,2024-04-18
AgriSense,Enterprise,Automation,Hyderabad,"Falcon Edge, Y Combinator",Seed,9.306,2023-11-30
SmartCare_770,Mobility,EV,Pune,LCatterton,Series C,242.874,2022-04-23
BharatPe,E-commerce,Marketplace,Delhi,Bessemer Venture Partners,Series A,89.073,2024-08-30
Porter,FoodTech,Food Delivery,Mumbai,Mirae Asset,Seed,0.72,2020-09-25
FreshTech,HealthTech,Health Analytics,Ahmedabad,Blume Ventures,Series A,26.397,2025-06-09
Oyo,FinTech,Payments,Gurugram,Prosus Ventures,Seed,8.523,2023-11-22
BigBasket,HealthTech,Diagnostics,Delhi,"Accel, Sequoia Capital India, Ventures India",Debt,2.286,2022-05-20
AgriHive,FinTech,Lending,Mumbai,"Mirae Asset, Omidyar Network",Pre-Seed,0.306,2023-09-13
AutoStack_777,Logistics,Fleet Management,Bengaluru,LCatterton,Series C,1272.645,2024-05-21
CoreFlow,EdTech,K12,Pune,"Peak XV, Y Combinator",Pre-Seed,0.945,2020-10-25
BharatPe,Enterprise,Automation,Ahmedabad,Accel,Seed,4.788,2023-03-13
UrbanStack,Media,Social,Hyderabad,"Kedaara Capital, Sequoia Capital India",Seed,5.823,2024-03-24
Meesho,Mobility,Micro Mobility,Kolkata,Info Edge,Pre-Series A,3.141,2023-04-22
AeroStack,SaaS,MarTech,Chennai,"Accel, Tiger Global Management",Seed,1.143,2021-04-11
NeoTech,Mobility,Ride Sharing,Kolkata,A91 Partners,Series C,459.036,2023-12-14
Razorpay,E-commerce,D2C,Kolkata,"Omidyar Network, SoftBank Vision Fund",Seed,0.882,2021-08-03
Ola,EdTech,Coding Bootcamp,Hyderabad,IFC,Debt,254.754,2022-05-26
FarmBox,SaaS,DevTools,Bengaluru,"Accel, Info Edge, Prosus Ventures",Debt,33.795,2022-10-03
WorkFit,FoodTech,Food Delivery,Ahmedabad,Tiger Global,Bridge,1.971,2024-02-27
BlueRise,AgriTech,Smart Farming,Mumbai,"Mirae Asset, Ventures India",Seed,2.475,2022-05-19
SkillFlow,Retail,Fashion,Chennai,"Peak XV, Tiger Global Management",Pre-Series A,7.974,2023-09-27
QuantumSolutions,Consumer Electronics,Audio,Mumbai,Ribbit Capital,Seed,0.792,2022-10-15
HyperSpace_791,Media,Social,Mumbai,Y Combinator,Series A,44.028,2020-02-24
NeoSense,AgriTech,Marketplace,Mumbai,"Bessemer Venture Partners, Ventures India",Series C,708.345,2023-09-15
CloudPay,Consumer Electronics,Wearables,Noida,"A91 Partners, Peak XV",Seed,4.293,2021-12-04
GreenMart,E-commerce,Fashion,Kolkata,"Info Edge, Sequoia Capital India",Seed,0.477,2022-02-09
Oyo,Media,Social,Kolkata,"A91 Partners, Kalaari Capital, Ventures India",Series A,95.49,2021-10-01
NeoLabs,RealEstate,Rental Tech,Ahmedabad,Falcon Edge,Series A,112.329,2023-02-25
DriveFit,AgriTech,Smart Farming,Ahmedabad,SoftBank Vision Fund,Series B,215.622,2024-04-18
ClearTax,AgriTech,Supply Chain,Delhi,"Omidyar Network, Ribbit Capital, Ventures India",Series D,2238.021,2021-12-15
QuantumAnalytics,SaaS,HRTech,Chennai,Matrix Partners India,Pre-Series A,7.533,2023-09-16
FreshTech,Media,Social,Hyderabad,Falcon Edge,Seed,6.111,2020-12-13
GrowthConnect,Enterprise,Security,Ahmedabad,Sequoia Capital India,Series A,13.599,2022-05-12
CoreSpace,SaaS,MarTech,Ahmedabad,Zodius Capital,Pre-Series A,3.393,2023-03-18
Practo,Media,Streaming,Gurugram,"Omidyar Network, SoftBank Vision Fund, Y Combinator",Seed,4.221,2022-10-26
DriveEdge,RealEstate,PropTech,Noida,Elevation Capital,Seed,2.151,2021-06-27
FoodFit,AgriTech,Marketplace,Mumbai,Omidyar Network,Series B,346.725,2023-03-30
SkillFlow_806,Retail,Fashion,Kolkata,Ribbit Capital,Pre-Series A,7.74,2021-12-12
Oyo,Mobility,EV,Chennai,Kalaari Capital,Series B,585.747,2021-10-03
AutoStack,Consumer Electronics,Smart Home,Noida,"A91 Partners, IFC, Kedaara Capital",Seed,2.376,2020-02-08
Meesho,RealEstate,Rental Tech,Kolkata,"IFC, Zodius Capital",Seed,0.684,2023-07-30
DriveEdge,Media,Streaming,Bengaluru,Nexus Venture Partners,Series A,129.573,2022-01-16
Delhivery,Enterprise,Security,Chennai,Ribbit Capital,Seed,9.936,2024-08-27
Flipkart,Logistics,Supply Chain,Delhi,Kalaari Capital,Seed,0.711,2023-05-16
Porter,HealthTech,Diagnostics,Bengaluru,Mirae Asset,Seed,13.446,2024-08-21
DriveEdge,FinTech,Lending,Delhi,Bessemer Venture Partners,Seed,11.142,2020-02-29
QuantumSolutions,HealthTech,Telemedicine,Kolkata,SoftBank Vision Fund,Series C,733.626,2020-04-23
Delhivery,Enterprise,Analytics,Chennai,"Kalaari Capital, LCatterton, Zodius Capital",Angel,0.261,2023-10-07
FinSense,AgriTech,Marketplace,Noida,"Peak XV, Zodius Capital",Angel,0.153,2022-12-04
AutoStack,E-commerce,Marketplace,Ahmedabad,SoftBank Vision Fund,Seed,0.549,2024-07-10
UrbanDrive,Media,Social,Chennai,Lightspeed India,Seed,1.548,2020-08-06
SkillSolutions,Logistics,Fleet Management,Bengaluru,"Info Edge, Peak XV, SoftBank Vision Fund",Series A,79.155,2022-02-06
LogiMart,Retail,E-Retail,Pune,Sequoia Capital India,Series A,9.117,2022-01-23
GreenMart,RealEstate,PropTech,Gurugram,Ribbit Capital,Seed,1.539,2022-02-26
ShareChat,Retail,Fashion,Mumbai,"Kalaari Capital, LCatterton",Series A,26.46,2021-04-29
DriveFit,Logistics,Supply Chain,Mumbai,Elevation Capital,Angel,0.225,2024-03-29
BharatPe,Consumer Electronics,Smart Home,Pune,"IFC, Kalaari Capital, Sequoia Capital India",Growth,5098.995,2024-04-19
NeoLabs,FoodTech,Food Delivery,Chennai,Zodius Capital,Growth,1122.453,2024-08-06
Swiggy,Mobility,Ride Sharing,Pune,"Info Edge, Ventures India",Pre-Series A,1.998,2024-02-02
ClearTax,Retail,E-Retail,Delhi,"Kalaari Capital, Nexus Venture Partners, Ribbit Capital",Series B,347.742,2024-06-08
HyperLabs,E-commerce,Marketplace,Gurugram,"IFC, Prosus Ventures, Ventures India",Series A,30.627,2025-06-08
FoodLoop,Enterprise,Automation,Delhi,"Bessemer Venture Partners, Zodius Capital",Seed,1.026,2023-11-08
BlueRise,SaaS,DevTools,Chennai,"Lightspeed India, Peak XV",Growth,1485.135,2025-04-18
HomeFoods,Consumer Electronics,Audio,Hyderabad,Kalaari Capital,Series B,66.501,2020-12-11
DriveLoop,HealthTech,Telemedicine,Pune,Sequoia Capital India,Seed,0.864,2023-03-07
DriveEdge,Consumer Electronics,Smart Home,Kolkata,Blume Ventures,Seed,2.826,2024-01-01
NextStack,Consumer Electronics,Wearables,Delhi,"Lightspeed India, Zodius Capital",Series A,27.99,2021-02-27
FinFoods,FoodTech,Cloud Kitchen,Bengaluru,Ribbit Capital,Seed,13.149,2021-06-20
LogiMart,RealEstate,Rental Tech,Kolkata,IFC,Seed,1.71,2022-08-18
AutoMart,Media,Content,Chennai,Accel,Series B,225.063,2021-06-08
HealthWorks_839,EdTech,Coding Bootcamp,Pune,"Omidyar Network, Tiger Global Management, Ventures India",Debt,45.783,2025-04-07
FarmFit_840,Mobility,Micro Mobility,Chennai,"A91 Partners, Tiger Global Management, Y Combinator",Seed,0.468,2022-03-19
EduTech,Mobility,EV,Pune,SoftBank Vision Fund,Growth,2592.459,2020-09-27
Paytm,HealthTech,Pharmacy,Mumbai,Mirae Asset,Seed,0.864,2025-06-27
QuantumSolutions,FoodTech,Food Delivery,Hyderabad,Falcon Edge,Series A,121.491,2024-04-08
DriveEdge,SaaS,MarTech,Delhi,"Blume Ventures, Info Edge, Ribbit Capital",Series A,13.464,2025-03-05
Udaan,EdTech,K12,Bengaluru,"LCatterton, Mirae Asset, Nexus Venture Partners",Series A,27.666,2020-11-30
NimbusLabs_846,SaaS,MarTech,Kolkata,"Accel, IFC, Nexus Venture Partners",Series A,11.34,2024-09-28
HealthAnalytics,HealthTech,Pharmacy,Ahmedabad,Omidyar Network,Angel,0.891,2023-04-14
MediHive,AgriTech,Supply Chain,Chennai,"LCatterton, Prosus Ventures",Angel,0.207,2021-05-19
GrowthFlow,RealEstate,PropTech,Chennai,Zodius Capital,Pre-Series A,3.546,2025-03-17
HyperLoop_850,Consumer Electronics,Smart Home,Kolkata,Omidyar Network,Series A,10.791,2025-05-10
MediHive,FinTech,NeoBank,Kolkata,"Bessemer Venture Partners, LCatterton, Nexus Venture Partners",Seed,7.155,2024-02-07
Postman,Retail,Fashion,Hyderabad,"Peak XV, Tiger Global, Y Combinator",Seed,0.972,2020-04-23
FoodFit,EdTech,Coding Bootcamp,Mumbai,Kalaari Capital,Pre-Seed,1.422,2021-03-02
CoreConnect,Retail,Fashion,Delhi,"LCatterton, Ventures India",Seed,0.963,2022-10-02
LogiSense,E-commerce,D2C,Noida,"A91 Partners, Mirae Asset",Seed,0.909,2022-07-01
Innovaccer,E-commerce,Fashion,Pune,"Info Edge, SoftBank Vision Fund, Tiger Global",Series A,9.936,2022-06-08
SmartMart,RealEstate,Rental Tech,Delhi,"Accel, Mirae Asset, Ribbit Capital",Angel,0.189,2022-12-15
HealthRise,Consumer Electronics,Wearables,Delhi,Zodius Capital,Debt,30.114,2023-11-02
DriveLoop,FinTech,NeoBank,Mumbai,Falcon Edge,Angel,0.054,2022-11-17
Flipkart,E-commerce,Fashion,Ahmedabad,Omidyar Network,Series C,1470.159,2021-12-28
AeroAnalytics_861,Media,Streaming,Kolkata,"Kalaari Capital, Tiger Global",Seed,2.394,2021-01-08
Delhivery,SaaS,MarTech,Kolkata,Tiger Global Management,Series A,37.233,2021-06-26
DataEdge,E-commerce,Grocery,Hyderabad,"Falcon Edge, Sequoia Capital India",Growth,1440.072,2020-08-05
Porter,FinTech,Lending,Kolkata,"Mirae Asset, Omidyar Network, Tiger Global Management",Series A,26.64,2022-04-09
ShareChat,Media,Streaming,Chennai,Nexus Venture Partners,Series C,819.333,2020-06-28
FinFoods,FinTech,Lending,Bengaluru,Ribbit Capital,Seed,0.801,2023-08-21
DriveEdge,Enterprise,Automation,Gurugram,"Kalaari Capital, Nexus Venture Partners",Seed,0.882,2024-04-25
Porter,HealthTech,Diagnostics,Kolkata,IFC,Bridge,10.809,2022-08-23
HomeMart,AgriTech,Smart Farming,Bengaluru,"IFC, Info Edge, Kalaari Capital",Seed,14.751,2020-07-29
NimbusLabs,AgriTech,Marketplace,Noida,"Falcon Edge, Kalaari Capital",Debt,9.162,2020-03-16
Myntra,EdTech,Test Prep,Noida,A91 Partners,Pre-Seed,0.333,2023-03-26
NextStack,FoodTech,Food Delivery,Mumbai,"Kedaara Capital, Sequoia Capital India, Y Combinator",Series A,51.48,2025-04-06
SmartTech,Consumer Electronics,Wearables,Kolkata,"LCatterton, SoftBank Vision Fund",Seed,2.034,2021-03-25
InMobi,HealthTech,Pharmacy,Chennai,"Mirae Asset, Ribbit Capital, Y Combinator",Bridge,0.495,2024-09-02
BharatPe,AgriTech,Supply Chain,Hyderabad,"Blume Ventures, Mirae Asset",Series B,69.381,2020-06-25
NeoLabs,FoodTech,Food Delivery,Hyderabad,Tiger Global Management,Seed,6.309,2023-02-14
Licious,Logistics,Supply Chain,Delhi,"Sequoia Capital India, Tiger Global",Seed,5.112,2024-10-26
Paytm,E-commerce,Grocery,Gurugram,"Matrix Partners India, SoftBank Vision Fund",Seed,0.495,2021-04-03
AgriFit,Retail,Fashion,Hyderabad,"Accel, IFC, Omidyar Network",Angel,0.09,2024-10-13
Postman,Consumer Electronics,Wearables,Mumbai,"IFC, Omidyar Network",Bridge,1.053,2024-05-19
Zomato,Enterprise,Automation,Bengaluru,"Lightspeed India, Nexus Venture Partners, Y Combinator",Series A,55.521,2020-12-08
Cars24,Media,Content,Noida,Blume Ventures,Series A,9.495,2024-11-17
Mobikwik,SaaS,DevTools,Mumbai,"Sequoia Capital India, Ventures India",Series D,571.905,2022-06-18
FarmBox,Mobility,Ride Sharing,Mumbai,"Prosus Ventures, Y Combinator",Seed,8.604,2024-01-04
WorkPay,Mobility,EV,Gurugram,LCatterton,Seed,0.873,2022-05-28
ShareChat,FinTech,InsurTech,Delhi,"Accel, Peak XV",Series C,1054.296,2024-01-09
HyperLabs,Retail,E-Retail,Chennai,Prosus Ventures,Seed,1.08,2024-04-03
WorkPay,FinTech,NeoBank,Hyderabad,"IFC, Kedaara Capital",Pre-Series A,1.134,2024-12-19
HyperLabs,FinTech,WealthTech,Noida,"Kalaari Capital, LCatterton, Ribbit Capital",Series A,17.388,2020-10-27
Ola,Media,Content,Chennai,Accel,Series C,1272.699,2024-12-09
WorkStack,Media,Streaming,Delhi,Lightspeed India,Series A,91.332,2023-01-12
FreshTech,Retail,Fashion,Delhi,"Matrix Partners India, Omidyar Network",Pre-Seed,1.215,2024-12-28
Oyo,Media,Content,Noida,Matrix Partners India,Seed,1.944,2020-05-02
ClearDekho,SaaS,B2B SaaS,Bengaluru,Info Edge,Series C,1099.008,2025-04-11
MediHive,EdTech,K12,Pune,"A91 Partners, Nexus Venture Partners, Y Combinator",Seed,0.963,2023-09-27
LogiMart,Mobility,Micro Mobility,Gurugram,"Accel, Kedaara Capital",Series C,398.142,2022-01-09
Flipkart,E-commerce,Quick Commerce,Bengaluru,"Accel, Lightspeed India",Pre-Series A,7.092,2020-09-23
CoreConnect,Mobility,EV,Hyderabad,"Prosus Ventures, Tiger Global Management",Series A,9.324,2023-07-27
NeoLabs,FoodTech,Cloud Kitchen,Delhi,"Falcon Edge, Info Edge, Tiger Global Management",Series A,11.349,2022-09-19
Housejoy,Media,Social,Kolkata,Peak XV,Series A,15.804,2024-03-08
Nykaa,E-commerce,Grocery,Chennai,"Elevation Capital, Falcon Edge",Seed,0.495,2022-01-26
Housejoy,SaaS,HRTech,Pune,Bessemer Venture Partners,Seed,0.882,2022-09-22
SmartCare,FoodTech,Cloud Kitchen,Hyderabad,Zodius Capital,Private Equity,3445.749,2021-03-17
NeoLabs_904,Mobility,EV,Mumbai,A91 Partners,Growth,1368.423,2022-05-05
BlueSpace,Consumer Electronics,Smart Home,Ahmedabad,"Ribbit Capital, Ventures India",Seed,12.114,2020-10-10
EduMart,Media,Content,Mumbai,"Kalaari Capital, Matrix Partners India",Series C,1646.874,2023-09-22
AutoMart,FinTech,InsurTech,Hyderabad,Kedaara Capital,Series B,116.091,2024-11-08
FreshTech,E-commerce,Grocery,Mumbai,"A91 Partners, Tiger Global",Seed,1.17,2023-06-21
FinFoods,Mobility,Ride Sharing,Mumbai,Tiger Global Management,Series B,128.943,2022-12-25
SkillSolutions,EdTech,Coding Bootcamp,Mumbai,Kalaari Capital,Series C,890.253,2023-05-27
FarmFit,FinTech,WealthTech,Chennai,"Matrix Partners India, SoftBank Vision Fund",Seed,1.206,2020-02-19
Porter,E-commerce,Grocery,Delhi,Ventures India,Seed,4.5,2021-01-09
HyperLoop,FoodTech,Grocery,Delhi,Blume Ventures,Seed,2.034,2025-05-22
NimbusMart,E-commerce,D2C,Delhi,Y Combinator,Pre-Series A,3.204,2021-10-25
Housejoy,FinTech,Lending,Gurugram,Mirae Asset,Series C,586.404,2023-04-15
ClearDekho,FoodTech,Cloud Kitchen,Hyderabad,"Kalaari Capital, Mirae Asset",Seed,1.332,2022-08-09
Freshworks,RealEstate,PropTech,Bengaluru,"Matrix Partners India, Prosus Ventures",Seed,14.886,2025-05-27
FreshSolutions,FoodTech,Food Delivery,Mumbai,Bessemer Venture Partners,Series D,2611.071,2022-10-21
SmartCare,HealthTech,Diagnostics,Noida,"Info Edge, Sequoia Capital India",Bridge,0.756,2025-05-22
SmartMart,AgriTech,Smart Farming,Delhi,"Elevation Capital, Matrix Partners India",Pre-Seed,1.332,2025-03-26
QuantumAnalytics,Enterprise,Automation,Gurugram,Tiger Global,Series A,33.687,2022-11-11
CRED,Logistics,Last Mile,Chennai,Kedaara Capital,Series B,537.48,2024-08-27
QuantumSolutions,EdTech,UpSkilling,Pune,"Info Edge, Matrix Partners India, Tiger Global Management",Series B,413.361,2025-06-29
DataHive,AgriTech,Smart Farming,Bengaluru,"LCatterton, Omidyar Network, Sequoia Capital India",Angel,0.162,2020-09-30
MediSpace,FoodTech,Grocery,Kolkata,Bessemer Venture Partners,Series C,191.295,2023-01-07
Dunzo,Mobility,Ride Sharing,Kolkata,"Y Combinator, Zodius Capital",Series B,94.779,2021-12-23
EduTech,Retail,Fashion,Bengaluru,Info Edge,Seed,3.321,2022-01-28
HomeAnalytics,Retail,Grocery,Pune,"Ribbit Capital, Zodius Capital",Seed,4.653,2024-07-29
HomeAnalytics,Consumer Electronics,Wearables,Bengaluru,"Kedaara Capital, Lightspeed India",Seed,1.161,2025-01-26
AutoMart,Logistics,Fleet Management,Noida,Prosus Ventures,Series A,13.122,2023-02-04
NoBroker,E-commerce,Grocery,Delhi,Peak XV,Series B,455.58,2020-09-17
HomeFoods,Media,Content,Gurugram,"Omidyar Network, Prosus Ventures",Series D,4341.249,2020-02-17
AutoFlow_933,FoodTech,Grocery,Bengaluru,"Kalaari Capital, Zodius Capital",Series D,1509.741,2021-10-23
NeoTech,Consumer Electronics,Wearables,Pune,"Elevation Capital, Kalaari Capital, Lightspeed India",Series A,14.328,2020-03-30
EduMart,FoodTech,Cloud Kitchen,Pune,Tiger Global Management,Seed,1.233,2023-03-17
Zepto,Media,Content,Mumbai,SoftBank Vision Fund,Angel,0.045,2021-02-07
Byju's,RealEstate,Rental Tech,Mumbai,Omidyar Network,Pre-Seed,1.476,2022-06-03
WorkStack,EdTech,Test Prep,Kolkata,Zodius Capital,Seed,0.693,2021-11-28
FinSpace,Retail,Fashion,Ahmedabad,"Info Edge, Nexus Venture Partners, Tiger Global Management",Series A,42.885,2020-07-14
GreenMart,Enterprise,Automation,Mumbai,"Omidyar Network, Tiger Global",Series C,378.081,2020-05-06
Paytm,E-commerce,Quick Commerce,Bengaluru,"Kalaari Capital, Ribbit Capital",Series A,40.365,2021-08-26
Flipkart,EdTech,Test Prep,Kolkata,"IFC, Ribbit Capital",Pre-Series A,4.032,2024-06-16
BlueSpace,RealEstate,PropTech,Kolkata,Accel,Series A,85.131,2023-04-18
UrbanStack,E-commerce,Grocery,Gurugram,"Falcon Edge, Mirae Asset, Y Combinator",Angel,0.081,2020-09-15
Ola,HealthTech,Diagnostics,Delhi,SoftBank Vision Fund,Series C,185.445,2020-05-03
DriveEdge,RealEstate,Home Services,Hyderabad,Nexus Venture Partners,Series A,13.041,2023-01-13
FreshTech,Logistics,Supply Chain,Bengaluru,"Matrix Partners India, Nexus Venture Partners, Zodius Capital",Series A,102.978,2023-09-08
Udaan,FoodTech,Food Delivery,Gurugram,Bessemer Venture Partners,Bridge,11.304,2023-08-04
DataHive,Consumer Electronics,Smart Home,Kolkata,"A91 Partners, SoftBank Vision Fund",Series A,45.378,2021-11-09
Delhivery,FoodTech,Food Delivery,Delhi,Mirae Asset,Seed,4.122,2024-11-29
Rapido,RealEstate,PropTech,Gurugram,Mirae Asset,Series A,54.495,2021-03-12
FreshBox,FoodTech,Cloud Kitchen,Chennai,Sequoia Capital India,Seed,0.855,2020-01-14
Licious,FinTech,NeoBank,Mumbai,Ribbit Capital,Seed,13.131,2022-06-20
ShareChat,FinTech,Payments,Gurugram,LCatterton,Seed,2.106,2020-12-22
NoBroker,SaaS,DevTools,Delhi,LCatterton,Seed,1.845,2020-12-26
DataAnalytics,HealthTech,Health Analytics,Mumbai,Info Edge,Seed,3.051,2021-03-06
Nykaa,Retail,Grocery,Delhi,IFC,Bridge,0.531,2025-06-24
Byju's,E-commerce,Marketplace,Delhi,Y Combinator,Series C,282.384,2021-01-27
DriveLoop,EdTech,Test Prep,Ahmedabad,"Elevation Capital, Nexus Venture Partners",Series A,66.411,2024-10-15
LogiMart_960,Retail,Grocery,Delhi,"LCatterton, Lightspeed India",Series D,544.518,2025-06-06
HealthRise,Retail,Fashion,Ahmedabad,"Ribbit Capital, Ventures India",Seed,4.167,2022-11-07
NimbusWorks,Consumer Electronics,Audio,Pune,"Mirae Asset, Peak XV",Series B,88.848,2022-12-12
FoodFit,Retail,Fashion,Bengaluru,Info Edge,Seed,1.89,2025-01-06
FinSpace,Logistics,Supply Chain,Chennai,Matrix Partners India,Series A,19.665,2025-03-30
WorkFit,E-commerce,D2C,Kolkata,"Falcon Edge, Tiger Global",Series A,23.58,2021-04-16
BlueSpace,Consumer Electronics,Wearables,Chennai,Elevation Capital,Pre-Series A,4.716,2022-10-15
GrowthFlow,EdTech,UpSkilling,Mumbai,Zodius Capital,Pre-Series A,1.782,2020-06-17
HealthRise,EdTech,Test Prep,Mumbai,Lightspeed India,Seed,3.636,2020-03-19
FreshBox,Media,Streaming,Hyderabad,Tiger Global Management,Seed,2.601,2023-05-22
Swiggy,FinTech,WealthTech,Hyderabad,"Peak XV, Zodius Capital",Series C,1085.949,2024-05-22
UrbanStack,Mobility,Ride Sharing,Chennai,"Lightspeed India, Matrix Partners India, Omidyar Network",Seed,14.256,2024-01-21
InMobi,Media,Content,Pune,Info Edge,Series C,1308.708,2021-10-03
SkillRise,Consumer Electronics,Smart Home,Bengaluru,Elevation Capital,Pre-Series A,1.476,2023-03-28
MediSpace,RealEstate,Home Services,Pune,"Prosus Ventures, Ventures India",Seed,0.504,2022-05-21
Delhivery,SaaS,B2B SaaS,Ahmedabad,Nexus Venture Partners,Series C,366.201,2025-03-03
FreshBox,Retail,Fashion,Ahmedabad,"Kalaari Capital, Lightspeed India",Series A,45.09,2022-03-11
AeroHub,E-commerce,D2C,Ahmedabad,Accel,Bridge,0.54,2023-08-01
Zomato,RealEstate,Rental Tech,Delhi,"Blume Ventures, Mirae Asset",Pre-Seed,0.567,2023-11-12
CRED,FoodTech,Food Delivery,Gurugram,Tiger Global,Seed,4.068,2023-09-12
MediSpace,Enterprise,Security,Chennai,Falcon Edge,Seed,1.548,2020-08-14
GrowthCare,FoodTech,Cloud Kitchen,Delhi,"Prosus Ventures, Zodius Capital",Growth,3441.726,2021-09-26
NextSense,Logistics,Fleet Management,Gurugram,"Elevation Capital, Sequoia Capital India",Series A,12.015,2023-11-03
SmartCare,Enterprise,Security,Ahmedabad,LCatterton,Series C,220.617,2022-12-12
NeoLabs,AgriTech,Supply Chain,Mumbai,"Y Combinator, Zodius Capital",Seed,6.606,2024-12-09
Delhivery,FoodTech,Grocery,Delhi,"Info Edge, Ventures India",Pre-Series A,2.817,2021-01-02
BlueTech,E-commerce,Fashion,Bengaluru,Elevation Capital,Seed,5.706,2024-11-17
Cars24,RealEstate,PropTech,Gurugram,"Nexus Venture Partners, Y Combinator",Angel,0.162,2022-04-22
Zomato,Mobility,EV,Chennai,Falcon Edge,Series A,17.541,2021-06-01
SmartMart_989,RealEstate,Rental Tech,Kolkata,"IFC, Kalaari Capital",Pre-Series A,5.931,2024-03-07
MediSpace,Media,Social,Pune,"Accel, Info Edge",Series B,412.866,2022-08-08
HomeMart,Consumer Electronics,Audio,Kolkata,Blume Ventures,Series C,1181.133,2024-09-19
PhonePe,AgriTech,Supply Chain,Delhi,"Accel, Kalaari Capital, Ventures India",Seed,1.224,2022-12-30
SkillFlow,SaaS,DevTools,Gurugram,"Falcon Edge, Info Edge, Tiger Global",Series B,231.165,2025-01-02
Zomato,FoodTech,Grocery,Hyderabad,Tiger Global,Series A,23.922,2023-05-10
UrbanSolutions,EdTech,UpSkilling,Gurugram,Sequoia Capital India,Seed,0.63,2020-02-02
CloudLabs,E-commerce,Marketplace,Mumbai,"Blume Ventures, Kalaari Capital",Series C,2158.326,2024-08-27
AeroStack,SaaS,DevTools,Ahmedabad,"Nexus Venture Partners, Peak XV",Seed,0.747,2023-01-14
Meesho,E-commerce,D2C,Pune,"Info Edge, Kalaari Capital, SoftBank Vision Fund",Seed,14.985,2022-04-03
Byju's,RealEstate,Home Services,Ahmedabad,Kalaari Capital,Pre-Series A,2.511,2020-05-17
Chargebee,E-commerce,Grocery,Ahmedabad,Omidyar Network,Seed,0.891,2025-05-18
UrbanDrive,Retail,Fashion,Delhi,"IFC, Mirae Asset, SoftBank Vision Fund",Seed,3.321,2023-07-25
WorkStack_1002,AgriTech,Smart Farming,Chennai,Falcon Edge,Series A,95.697,2024-02-28
UrbanStack,AgriTech,Supply Chain,Hyderabad,Ribbit Capital,Seed,6.705,2022-05-27
HealthWorks,Consumer Electronics,Wearables,Gurugram,"Omidyar Network, Peak XV, Sequoia Capital India",Seed,8.82,2021-02-22
Ola,Media,Content,Delhi,Falcon Edge,Seed,5.112,2023-08-11
SkillRise,Logistics,Last Mile,Gurugram,Matrix Partners India,Series D,2215.584,2021-11-09
Udaan,RealEstate,PropTech,Gurugram,"Info Edge, SoftBank Vision Fund",Series A,89.739,2022-02-20
MediHive_1008,Consumer Electronics,Audio,Gurugram,Nexus Venture Partners,Seed,1.134,2020-10-16
NoBroker,AgriTech,Marketplace,Gurugram,"Kedaara Capital, SoftBank Vision Fund",Seed,2.736,2020-06-09
BlueRise,HealthTech,Diagnostics,Hyderabad,"IFC, Lightspeed India, Mirae Asset",Seed,1.017,2022-07-07
ShareChat,FoodTech,Food Delivery,Delhi,"Info Edge, Omidyar Network",Series A,130.563,2022-05-15
HyperLoop,Retail,Grocery,Bengaluru,Ventures India,Series C,2320.452,2022-05-25
Delhivery,AgriTech,Marketplace,Delhi,Y Combinator,Series A,10.017,2020-12-25
BigBasket,Consumer Electronics,Wearables,Chennai,SoftBank Vision Fund,Series A,60.822,2022-09-11
CoreSpace,EdTech,Test Prep,Bengaluru,"Kalaari Capital, Y Combinator",Growth,5172.084,2024-02-04
AutoMart,SaaS,MarTech,Kolkata,Kalaari Capital,Seed,0.873,2023-04-19
GrowthConnect,E-commerce,Fashion,Ahmedabad,"Bessemer Venture Partners, Peak XV",Seed,3.654,2024-04-11
NextFlow,Consumer Electronics,Smart Home,Pune,"Peak XV, Ventures India",Series B,569.601,2023-08-26
HomeMart,Enterprise,Security,Bengaluru,Matrix Partners India,Series B,49.437,2023-08-14
AutoFlow,HealthTech,Pharmacy,Gurugram,"Bessemer Venture Partners, Sequoia Capital India, Zodius Capital",Series A,59.49,2025-05-03
AeroHub,AgriTech,Supply Chain,Noida,"Blume Ventures, Info Edge",Angel,0.108,2024-11-29
Oyo,Mobility,Micro Mobility,Chennai,"Peak XV, Ventures India",Series A,110.007,2024-02-12
Unacademy,E-commerce,Grocery,Pune,"Kedaara Capital, Lightspeed India, Ventures India",Series C,2496.465,2021-07-04
MediHive,Enterprise,Security,Bengaluru,"Elevation Capital, Kalaari Capital",Seed,14.652,2024-05-03
Paytm,HealthTech,Diagnostics,Pune,Mirae Asset,Seed,2.592,2020-10-02
AeroAnalytics,Consumer Electronics,Smart Home,Gurugram,"Blume Ventures, Matrix Partners India, Ventures India",Seed,10.818,2020-04-30
Freshworks,Consumer Electronics,Smart Home,Ahmedabad,Accel,Seed,10.143,2023-07-27
WorkFit,Logistics,Last Mile,Pune,"Mirae Asset, Ventures India",Pre-Seed,0.378,2021-04-25
MediSpace_1029,Retail,E-Retail,Ahmedabad,Lightspeed India,Series C,1698.84,2020-03-26
MediHive,Mobility,EV,Kolkata,"Info Edge, Y Combinator",Series A,9.945,2021-11-21
DataHive,Enterprise,Analytics,Pune,"Tiger Global, Y Combinator",Series B,235.071,2022-02-14
FreshBox,FinTech,InsurTech,Chennai,Sequoia Capital India,Series B,85.149,2024-12-23
NeoTech,Logistics,Fleet Management,Gurugram,"Kalaari Capital, Mirae Asset, Prosus Ventures",Pre-Series A,1.188,2023-06-20
FinFoods_1034,RealEstate,Home Services,Bengaluru,Tiger Global Management,Series B,55.701,2024-11-23
NeoSense,EdTech,Coding Bootcamp,Chennai,Y Combinator,Series B,310.194,2024-06-14
FarmBox,Enterprise,Automation,Mumbai,"Lightspeed India, Nexus Venture Partners",Series B,115.47,2021-08-24
ClearDekho,FinTech,Lending,Kolkata,"Mirae Asset, Tiger Global Management",Series C,1281.339,2021-09-09
EduMart,Consumer Electronics,Smart Home,Noida,Ventures India,Seed,0.576,2021-03-09
Unacademy,E-commerce,Fashion,Bengaluru,LCatterton,Seed,1.44,2025-03-17
QuantumSolutions,Logistics,Fleet Management,Kolkata,Prosus Ventures,Bridge,3.294,2023-10-05
NeoLabs,Media,Content,Gurugram,"SoftBank Vision Fund, Tiger Global",Angel,0.477,2024-04-18
QuantumAnalytics,Retail,Fashion,Chennai,Nexus Venture Partners,Series C,426.735,2021-04-02
Unacademy,E-commerce,Quick Commerce,Pune,Ventures India,Series B,255.186,2025-04-03
Porter,AgriTech,Smart Farming,Delhi,"A91 Partners, Sequoia Capital India",Series D,3460.914,2025-05-07
HealthWorks,EdTech,Coding Bootcamp,Chennai,"Nexus Venture Partners, Peak XV, Prosus Ventures",Seed,4.365,2022-01-17
HomeAnalytics,FinTech,NeoBank,Kolkata,Zodius Capital,Seed,1.062,2024-07-29
Chargebee,RealEstate,Home Services,Delhi,"Bessemer Venture Partners, Kedaara Capital, Prosus Ventures",Series A,9.612,2020-10-25
FoodLoop,Media,Social,Hyderabad,"Mirae Asset, Zodius Capital",Debt,200.727,2023-12-17
NimbusLabs,FoodTech,Cloud Kitchen,Pune,IFC,Seed,0.486,2024-01-07
Zepto,Media,Streaming,Bengaluru,IFC,Angel,0.621,2024-05-08
DriveFit,Enterprise,Automation,Delhi,"Prosus Ventures, SoftBank Vision Fund",Debt,24.093,2023-01-27
NextFlow,FoodTech,Cloud Kitchen,Noida,"A91 Partners, Kedaara Capital, LCatterton",Series B,608.085,2021-08-01
Wakefit,HealthTech,Pharmacy,Ahmedabad,"Elevation Capital, Omidyar Network, Prosus Ventures",Growth,3704.418,2020-04-20
Ola,Media,Content,Hyderabad,Bessemer Venture Partners,Angel,0.891,2021-03-05
BlueRise,FinTech,WealthTech,Ahmedabad,Y Combinator,Seed,1.638,2024-05-27
DriveLoop,HealthTech,Telemedicine,Mumbai,Peak XV,Pre-Series A,5.265,2022-08-28
Housejoy,Mobility,Micro Mobility,Pune,Ribbit Capital,Series A,26.73,2025-06-09
CoreConnect,E-commerce,Marketplace,Chennai,"Peak XV, Ribbit Capital",Series A,33.012,2023-11-09
UrbanSolutions,Retail,Fashion,Mumbai,"Info Edge, Ribbit Capital, Y Combinator",Series C,984.636,2024-11-06
MediSpace,E-commerce,Quick Commerce,Kolkata,"Lightspeed India, Omidyar Network",Series B,507.249,2025-02-03
GrowthCare,Media,Social,Ahmedabad,"Elevation Capital, Kedaara Capital, Nexus Venture Partners",Seed,16.974,2022-09-18
NeoSense_1062,Enterprise,Automation,Delhi,Kalaari Capital,Pre-Series A,5.283,2023-12-06
NeoLabs_1063,Enterprise,Automation,Noida,"Nexus Venture Partners, Tiger Global Management, Ventures India",Series B,143.307,2024-06-06
Housejoy,HealthTech,Diagnostics,Bengaluru,Nexus Venture Partners,Series A,28.17,2024-06-27
FreshSolutions,RealEstate,PropTech,Mumbai,Accel,Series A,66.33,2024-10-09
NeoTech,SaaS,DevTools,Chennai,Matrix Partners India,Bridge,1.089,2023-09-09
FarmFit,Mobility,EV,Noida,"Falcon Edge, Kedaara Capital",Series A,12.141,2023-03-27
AgriFit,Mobility,Ride Sharing,Mumbai,Sequoia Capital India,Series B,120.285,2020-04-01
SmartCare,Enterprise,Analytics,Delhi,"Nexus Venture Partners, Y Combinator",Series A,19.593,2021-03-18
Innovaccer,E-commerce,Grocery,Hyderabad,Kalaari Capital,Seed,1.341,2023-08-23
WorkFit,RealEstate,Home Services,Delhi,"Kedaara Capital, Tiger Global Management, Ventures India",Series A,16.947,2020-05-24
CloudLabs,AgriTech,Marketplace,Noida,SoftBank Vision Fund,Series A,10.089,2022-05-09
DriveEdge,AgriTech,Supply Chain,Mumbai,Prosus Ventures,Seed,0.477,2022-12-24
Freshworks,E-commerce,D2C,Mumbai,Nexus Venture Partners,Pre-Series A,8.748,2021-11-14
Zepto,Logistics,Last Mile,Mumbai,Y Combinator,Pre-Series A,2.412,2025-06-07
Zomato,Retail,E-Retail,Delhi,Omidyar Network,Series A,25.479,2024-11-28
NeoLabs,SaaS,HRTech,Noida,Blume Ventures,Seed,5.517,2020-07-21
UrbanDrive,Retail,Fashion,Noida,"Mirae Asset, Nexus Venture Partners",Series A,16.254,2024-12-11
MediSpace,Media,Social,Delhi,"LCatterton, Matrix Partners India, Ribbit Capital",Seed,14.967,2023-03-08
Nykaa,Media,Social,Ahmedabad,Info Edge,Pre-Series A,5.499,2022-07-26
AgriFit,Mobility,EV,Hyderabad,"Elevation Capital, IFC, Zodius Capital",Bridge,0.63,2022-12-02
Unacademy,Logistics,Supply Chain,Pune,Tiger Global,Series D,1177.047,2023-07-23
MediWorks,HealthTech,Telemedicine,Mumbai,"Sequoia Capital India, Zodius Capital",Series B,514.962,2023-02-08
Innovaccer,RealEstate,Rental Tech,Delhi,"Kedaara Capital, LCatterton, Tiger Global Management",Series A,116.235,2022-11-20
CoreConnect_1085,EdTech,Test Prep,Chennai,Matrix Partners India,Series B,164.448,2024-03-15
Razorpay,AgriTech,Smart Farming,Delhi,"Blume Ventures, LCatterton",Series B,246.51,2024-12-11
Mobikwik,Enterprise,Analytics,Noida,"Blume Ventures, Mirae Asset",Pre-Series A,1.323,2020-04-14
FreshToHome,SaaS,DevTools,Noida,Elevation Capital,Series D,4409.415,2024-10-22
AgriHive,EdTech,Test Prep,Ahmedabad,Peak XV,Pre-Series A,1.53,2025-03-05
GrowthConnect,AgriTech,Smart Farming,Bengaluru,"SoftBank Vision Fund, Y Combinator",Pre-Series A,7.884,2023-06-14
MediHive,Media,Social,Chennai,"Accel, Mirae Asset",Pre-Series A,4.014,2020-07-26
HyperLoop,Consumer Electronics,Audio,Delhi,Mirae Asset,Series C,933.309,2021-05-27
NimbusWorks,FoodTech,Cloud Kitchen,Noida,"Info Edge, Prosus Ventures",Series C,721.512,2020-08-10
FinSense,FoodTech,Cloud Kitchen,Pune,Accel,Private Equity,1530.774,2023-12-23
HealthAnalytics_1095,FoodTech,Food Delivery,Pune,"Lightspeed India, Mirae Asset, Prosus Ventures",Angel,0.072,2020-11-24
NextStack,Consumer Electronics,Smart Home,Kolkata,SoftBank Vision Fund,Series C,327.024,2024-01-02
FoodFit,Media,Content,Delhi,Nexus Venture Partners,Seed,0.891,2020-08-08
FoodSolutions,Retail,Fashion,Gurugram,Info Edge,Seed,7.983,2024-08-26
MediSpace,Logistics,Supply Chain,Kolkata,Ribbit Capital,Seed,1.638,2022-05-28
